Name,Image URL,Damage,Damage Type,Knockback,Critical Strike Chance,Use Time,Available
Abigail's Flower,https://static.wikia.nocookie.net/terraria_gamepedia/images/4/4e/Abigail%27s_Flower.png/revision/latest?cb=20211118183533&format=original,6,Summon,2,0%,36,NO
Adamantite Chainsaw,https://static.wikia.nocookie.net/terraria_gamepedia/images/1/17/Adamantite_Chainsaw.png/revision/latest?cb=20200516182702&format=original,33,Melee,4.5,4%,15,YES
Adamantite Drill,https://static.wikia.nocookie.net/terraria_gamepedia/images/2/26/Adamantite_Drill.png/revision/latest?cb=20200516182705&format=original,20,Melee,0.5,4%,15,YES
Adamantite Glaive,https://static.wikia.nocookie.net/terraria_gamepedia/images/5/57/Adamantite_Glaive.png/revision/latest?cb=20200516183255&format=original,49,Melee,6,4%,25,YES
Adamantite Pickaxe,https://static.wikia.nocookie.net/terraria_gamepedia/images/9/9f/Adamantite_Pickaxe.png/revision/latest?cb=20221121021348&format=original,20,Melee,5,4%,25,YES
Adamantite Repeater,https://static.wikia.nocookie.net/terraria_gamepedia/images/d/d8/Adamantite_Repeater.png/revision/latest?cb=20200516183357&format=original,42,Ranged,2.5,4%,18,YES
Adamantite Sword,https://static.wikia.nocookie.net/terraria_gamepedia/images/0/05/Adamantite_Sword.png/revision/latest?cb=20221121020309&format=original,61,Melee,6,4%,21,YES
Adamantite Waraxe,https://static.wikia.nocookie.net/terraria_gamepedia/images/e/e2/Adamantite_Waraxe.png/revision/latest?cb=20200516183410&format=original,43,Melee,7,4%,35,YES
Aerial Bane,https://static.wikia.nocookie.net/terraria_gamepedia/images/4/4b/Aerial_Bane.png/revision/latest?cb=20200516183438&format=original,39,Ranged,4.5,7%,30,YES
Ale Tosser,https://static.wikia.nocookie.net/terraria_gamepedia/images/d/d1/Ale_Tosser.png/revision/latest?cb=20200516183954&format=original,20,Ranged,7,4%,40,NO
Amarok,https://static.wikia.nocookie.net/terraria_gamepedia/images/9/97/Amarok.png/revision/latest?cb=20200521003932&format=original,43,Melee,2.8,4%,25,YES
Amazon,https://static.wikia.nocookie.net/terraria_gamepedia/images/d/db/Amazon.png/revision/latest?cb=20200521003933&format=original,18,Melee,3.75,4%,25,NO
Amber Staff,https://static.wikia.nocookie.net/terraria_gamepedia/images/6/6f/Amber_Staff.png/revision/latest?cb=20200516184346&format=original,21,Magic,4.75,4%,28,NO
Amethyst Staff,https://static.wikia.nocookie.net/terraria_gamepedia/images/a/a1/Amethyst_Staff.png/revision/latest?cb=20200516184603&format=original,15,Magic,3.25,4%,37,NO
Anchor,https://static.wikia.nocookie.net/terraria_gamepedia/images/c/c0/Anchor.png/revision/latest?cb=20200516184747&format=original,70,Melee,8,4%,20,YES
Aqua Scepter,https://static.wikia.nocookie.net/terraria_gamepedia/images/f/ff/Aqua_Scepter.png/revision/latest?cb=20200516185914&format=original,27,Magic,7,4%,16,NO
Arkhalis,https://static.wikia.nocookie.net/terraria_gamepedia/images/c/cf/Arkhalis.png/revision/latest?cb=20200516190022&format=original,25,Melee,4,4%,25,YES
Artery,https://static.wikia.nocookie.net/terraria_gamepedia/images/d/d6/Artery.png/revision/latest?cb=20200521003934&format=original,17,Melee,4,4%,25,NO
Ash Wood Bow,https://static.wikia.nocookie.net/terraria_gamepedia/images/0/0a/Ash_Wood_Bow.png/revision/latest?cb=20221115183258&format=original,10,Ranged,0,4%,25,NO
Ash Wood Hammer,https://static.wikia.nocookie.net/terraria_gamepedia/images/e/e0/Ash_Wood_Hammer.png/revision/latest?cb=20221121012423&format=original,9,Melee,5.5,4%,30,NO
Ash Wood Sword,https://static.wikia.nocookie.net/terraria_gamepedia/images/0/0c/Ash_Wood_Sword.png/revision/latest?cb=20221114184423&format=original,13,Melee,5,4%,17,NO
Axe of Regrowth,https://static.wikia.nocookie.net/terraria_gamepedia/images/6/60/Axe_of_Regrowth.png/revision/latest?cb=20221122021420&format=original,20,Melee,5,4%,24,NO
Ball O' Hurt,https://static.wikia.nocookie.net/terraria_gamepedia/images/7/72/Ball_O%27_Hurt.png/revision/latest?cb=20200516190524&format=original,30,Melee,5.5,4%,45,NO
Ballista Cane,https://static.wikia.nocookie.net/terraria_gamepedia/images/2/22/Ballista_Cane.png/revision/latest?cb=20200516190527&format=original,74,Summon,4.7,0%,30,YES
Ballista Rod,https://static.wikia.nocookie.net/terraria_gamepedia/images/9/99/Ballista_Rod.png/revision/latest?cb=20200516190529&format=original,30,Summon,4.7,0%,30,NO
Ballista Staff,https://static.wikia.nocookie.net/terraria_gamepedia/images/1/12/Ballista_Staff.png/revision/latest?cb=20200516190530&format=original,156,Summon,4.7,0%,30,YES
Bananarang,https://static.wikia.nocookie.net/terraria_gamepedia/images/c/cd/Bananarang.png/revision/latest?cb=20200516190718&format=original,45,Melee,6.5,4%,11,YES
Bat Bat,https://static.wikia.nocookie.net/terraria_gamepedia/images/7/78/Bat_Bat.png/revision/latest?cb=20211118183535&format=original,36,Melee,5.5,4%,45,NO
Bat Scepter,https://static.wikia.nocookie.net/terraria_gamepedia/images/e/eb/Bat_Scepter.png/revision/latest?cb=20200516190857&format=original,45,Magic,3,4%,12,YES
Beam Sword,https://static.wikia.nocookie.net/terraria_gamepedia/images/4/4c/Beam_Sword.png/revision/latest?cb=20221121021046&format=original,52,Melee,6.5,4%,20,YES
Bee Gun,https://static.wikia.nocookie.net/terraria_gamepedia/images/0/03/Bee_Gun.png/revision/latest?cb=20200516191158&format=original,9,Magic,0.25,4%,12,NO
Bee Keeper,https://static.wikia.nocookie.net/terraria_gamepedia/images/4/42/Bee_Keeper.png/revision/latest?cb=20200516191202&format=original,30,Melee,5.3,4%,20,NO
Beenade,https://static.wikia.nocookie.net/terraria_gamepedia/images/0/02/Beenade.png/revision/latest?cb=20200516191415&format=original,12,Ranged,1,4%,15,NO
Betsy's Wrath,https://static.wikia.nocookie.net/terraria_gamepedia/images/e/e6/Betsy%27s_Wrath.png/revision/latest?cb=20200516191615&format=original,100,Magic,7,4%,20,YES
Blade of Grass,https://static.wikia.nocookie.net/terraria_gamepedia/images/8/85/Blade_of_Grass.png/revision/latest?cb=20221107130110&format=original,18,Melee,4.5,4%,20,NO
Blade Staff,https://static.wikia.nocookie.net/terraria_gamepedia/images/8/89/Blade_Staff.png/revision/latest?cb=20200516192024&format=original,6,Summon,0,0%,36,YES
Bladed Glove,https://static.wikia.nocookie.net/terraria_gamepedia/images/2/20/Bladed_Glove.png/revision/latest?cb=20221121032306&format=original,14,Melee,4,4%,8,NO
Bladetongue,https://static.wikia.nocookie.net/terraria_gamepedia/images/9/98/Bladetongue.png/revision/latest?cb=20200516192046&format=original,55,Melee,5.75,4%,28,YES
Blizzard Staff,https://static.wikia.nocookie.net/terraria_gamepedia/images/f/f5/Blizzard_Staff.png/revision/latest?cb=20200516192439&format=original,58,Magic,4.5,4%,10,YES
Blood Butcherer,https://static.wikia.nocookie.net/terraria_gamepedia/images/6/62/Blood_Butcherer.png/revision/latest?cb=20200516192444&format=original,22,Melee,5,4%,25,NO
Blood Lust Cluster,https://static.wikia.nocookie.net/terraria_gamepedia/images/f/fe/Blood_Lust_Cluster.png/revision/latest?cb=20221121021536&format=original,22,Melee,6,4%,32,NO
Blood Rain Bow,https://static.wikia.nocookie.net/terraria_gamepedia/images/1/1e/Blood_Rain_Bow.png/revision/latest?cb=20200516193453&format=original,14,Ranged,3,4%,19,NO
Blood Thorn,https://static.wikia.nocookie.net/terraria_gamepedia/images/6/67/Blood_Thorn.png/revision/latest?cb=20200516193502&format=original,34,Magic,1,4%,33,YES
Blood Water,https://static.wikia.nocookie.net/terraria_gamepedia/images/e/ec/Blood_Water.png/revision/latest?cb=20200516193512&format=original,20,-,3,0%,15,NO
Bloody Machete,https://static.wikia.nocookie.net/terraria_gamepedia/images/4/4c/Bloody_Machete.png/revision/latest?cb=20200516193534&format=original,20,Melee,5,4%,15,NO
Blowgun,https://static.wikia.nocookie.net/terraria_gamepedia/images/6/65/Blowgun.png/revision/latest?cb=20200516193610&format=original,27,Ranged,4,4%,35,NO
Blowpipe,https://static.wikia.nocookie.net/terraria_gamepedia/images/6/68/Blowpipe.png/revision/latest?cb=20200516193611&format=original,9,Ranged,3.5,4%,25,NO
Blue Moon,https://static.wikia.nocookie.net/terraria_gamepedia/images/8/8a/Blue_Moon.png/revision/latest?cb=20200516195338&format=original,54,Melee,6,4%,45,NO
Blue Phaseblade,https://static.wikia.nocookie.net/terraria_gamepedia/images/0/06/Blue_Phaseblade.png/revision/latest?cb=20200516195342&format=original,26,Melee,3,4%,18,NO
Blue Phasesaber,https://static.wikia.nocookie.net/terraria_gamepedia/images/0/02/Blue_Phasesaber.png/revision/latest?cb=20221122021014&format=original,48,Melee,3,4%,16,YES
Bomb,https://static.wikia.nocookie.net/terraria_gamepedia/images/3/3b/Bomb.png/revision/latest?cb=20200516195633&format=original,100,-,0,0%,25,NO
Bomb Fish,https://static.wikia.nocookie.net/terraria_gamepedia/images/f/f1/Bomb_Fish.png/revision/latest?cb=20200516195624&format=original,100,-,0,0%,25,NO
Bone,https://static.wikia.nocookie.net/terraria_gamepedia/images/2/2c/Bone.png/revision/latest?cb=20160525131636&format=original,20,Ranged,2.3,4%,12,NO
Bone Javelin,https://static.wikia.nocookie.net/terraria_gamepedia/images/6/6a/Bone_Javelin.png/revision/latest?cb=20200516195735&format=original,20,Ranged,5,4%,25,NO
Bone Pickaxe,https://static.wikia.nocookie.net/terraria_gamepedia/images/0/05/Bone_Pickaxe.png/revision/latest?cb=20221121031259&format=original,8,Melee,3,4%,19,NO
Bone Sword,https://static.wikia.nocookie.net/terraria_gamepedia/images/2/29/Bone_Sword.png/revision/latest?cb=20221121021645&format=original,19,Melee,5.5,4%,22,NO
Bone Throwing Knife,https://static.wikia.nocookie.net/terraria_gamepedia/images/d/dc/Bone_Throwing_Knife.png/revision/latest?cb=20200516195800&format=original,14,Ranged,1.5,4%,14,NO
Book of Skulls,https://static.wikia.nocookie.net/terraria_gamepedia/images/f/f4/Book_of_Skulls.png/revision/latest?cb=20200516195830&format=original,29,Magic,3.5,4%,26,NO
Boomstick,https://static.wikia.nocookie.net/terraria_gamepedia/images/e/e1/Boomstick.png/revision/latest?cb=20200516200137&format=original,14,Ranged,5.75,4%,40,NO
Boreal Wood Bow,https://static.wikia.nocookie.net/terraria_gamepedia/images/f/f9/Boreal_Wood_Bow.png/revision/latest?cb=20200516200358&format=original,6,Ranged,0,4%,29,NO
Boreal Wood Hammer,https://static.wikia.nocookie.net/terraria_gamepedia/images/a/a4/Boreal_Wood_Hammer.png/revision/latest?cb=20221121011114&format=original,4,Melee,5.5,4%,33,NO
Boreal Wood Sword,https://static.wikia.nocookie.net/terraria_gamepedia/images/2/27/Boreal_Wood_Sword.png/revision/latest?cb=20200516200627&format=original,8,Melee,6,4%,20,NO
Bouncy Bomb,https://static.wikia.nocookie.net/terraria_gamepedia/images/c/cd/Bouncy_Bomb.png/revision/latest?cb=20200516200927&format=original,100,-,0,0%,25,NO
Bouncy Dynamite,https://static.wikia.nocookie.net/terraria_gamepedia/images/d/d7/Bouncy_Dynamite.png/revision/latest?cb=20200516200930&format=original,250,-,0,0%,40,NO
Bouncy Grenade,https://static.wikia.nocookie.net/terraria_gamepedia/images/a/a3/Bouncy_Grenade.png/revision/latest?cb=20200516200935&format=original,65,Ranged/ Throwing,8,4%,40,NO
Brand of the Inferno,https://static.wikia.nocookie.net/terraria_gamepedia/images/4/4e/Brand_of_the_Inferno.png/revision/latest?cb=20200516201106&format=original,95,Melee,6.5,4%,20,YES
Breaker Blade,https://static.wikia.nocookie.net/terraria_gamepedia/images/2/22/Breaker_Blade.png/revision/latest?cb=20221121020145&format=original,70,Melee,8,4%,35,YES
Breathing Reed,https://static.wikia.nocookie.net/terraria_gamepedia/images/9/91/Breathing_Reed.png/revision/latest?cb=20200516201129&format=original,10,Melee,4,4%,27,NO
Bubble Gun,https://static.wikia.nocookie.net/terraria_gamepedia/images/3/3c/Bubble_Gun.png/revision/latest?cb=20200516201628&format=original,70,Magic,3,4%,9,YES
Bunny Cannon,https://static.wikia.nocookie.net/terraria_gamepedia/images/c/c2/Bunny_Cannon.png/revision/latest?cb=20200516202003&format=original,0,-,0,0%,15,YES
Butcher's Chainsaw,https://static.wikia.nocookie.net/terraria_gamepedia/images/2/2d/Butcher%27s_Chainsaw.png/revision/latest?cb=20200516202414&format=original,120,Melee,8,4%,15,YES
Cactus Pickaxe,https://static.wikia.nocookie.net/terraria_gamepedia/images/d/d4/Cactus_Pickaxe.png/revision/latest?cb=20200516203919&format=original,45,Melee,2,4%,25,NO
Cactus Sword,https://static.wikia.nocookie.net/terraria_gamepedia/images/d/da/Cactus_Sword.png/revision/latest?cb=20200516203926&format=original,45,Melee,4.5,4%,30,NO
Candy Cane Pickaxe,https://static.wikia.nocookie.net/terraria_gamepedia/images/c/cd/Candy_Cane_Pickaxe.png/revision/latest?cb=20200516203954&format=original,7,Melee,2.5,4%,20,NO
Candy Cane Sword,https://static.wikia.nocookie.net/terraria_gamepedia/images/1/14/Candy_Cane_Sword.png/revision/latest?cb=20200516203955&format=original,19,Melee,5.3,4%,27,NO
Candy Corn Rifle,https://static.wikia.nocookie.net/terraria_gamepedia/images/f/fa/Candy_Corn_Rifle.png/revision/latest?cb=20200516204056&format=original,44,Ranged,2,10%,9,YES
Cannon,https://static.wikia.nocookie.net/terraria_gamepedia/images/a/a6/Cannon.png/revision/latest?cb=20200516204100&format=original,1,-,0,0%,15,YES
Cascade,https://static.wikia.nocookie.net/terraria_gamepedia/images/f/f8/Cascade.png/revision/latest?cb=20200521003943&format=original,27,Melee,4.3,4%,25,NO
Celebration,https://static.wikia.nocookie.net/terraria_gamepedia/images/4/4e/Celebration.png/revision/latest?cb=20200516204145&format=original,25,Ranged,4,4%,30,YES
Celebration Mk2,https://static.wikia.nocookie.net/terraria_gamepedia/images/8/83/Celebration_Mk2.png/revision/latest?cb=20200730144203&format=original,50,Ranged,10,4%,6,YES
Chain Guillotines,https://static.wikia.nocookie.net/terraria_gamepedia/images/3/33/Chain_Guillotines.png/revision/latest?cb=20200516205211&format=original,59,Melee,3.25,4%,14,YES
Chain Gun,https://static.wikia.nocookie.net/terraria_gamepedia/images/3/3c/Chain_Gun.png/revision/latest?cb=20200516205213&format=original,31,Ranged,1.75,4%,4,YES
Chain Knife,https://static.wikia.nocookie.net/terraria_gamepedia/images/2/24/Chain_Knife.png/revision/latest?cb=20200516205214&format=original,12,Melee,3.5,4%,20,NO
Charged Blaster Cannon,https://static.wikia.nocookie.net/terraria_gamepedia/images/1/1e/Charged_Blaster_Cannon.png/revision/latest?cb=20200516205222&format=original,100,Magic,2,4%,20,YES
Chik,https://static.wikia.nocookie.net/terraria_gamepedia/images/1/1f/Chik.png/revision/latest?cb=20200521003943&format=original,39,Melee,3.3,4%,25,YES
Chlorophyte Chainsaw,https://static.wikia.nocookie.net/terraria_gamepedia/images/8/87/Chlorophyte_Chainsaw.png/revision/latest?cb=20210124104529&format=original,50,Melee,4.6,4%,15,YES
Chlorophyte Claymore,https://static.wikia.nocookie.net/terraria_gamepedia/images/b/b3/Chlorophyte_Claymore.png/revision/latest?cb=20221121030848&format=original,95,Melee,6,4%,26,YES
Chlorophyte Drill,https://static.wikia.nocookie.net/terraria_gamepedia/images/7/70/Chlorophyte_Drill.png/revision/latest?cb=20210124104531&format=original,35,Melee,1,4%,15,YES
Chlorophyte Greataxe,https://static.wikia.nocookie.net/terraria_gamepedia/images/1/1c/Chlorophyte_Greataxe.png/revision/latest?cb=20200516205308&format=original,70,Melee,7,4%,30,YES
Chlorophyte Jackhammer,https://static.wikia.nocookie.net/terraria_gamepedia/images/6/6d/Chlorophyte_Jackhammer.png/revision/latest?cb=20221121014452&format=original,45,Melee,5.2,4%,15,YES
Chlorophyte Partisan,https://static.wikia.nocookie.net/terraria_gamepedia/images/d/de/Chlorophyte_Partisan.png/revision/latest?cb=20200516205509&format=original,49,Melee,6.2,4%,23,YES
Chlorophyte Pickaxe,https://static.wikia.nocookie.net/terraria_gamepedia/images/0/03/Chlorophyte_Pickaxe.png/revision/latest?cb=20221121031015&format=original,40,Melee,5,4%,25,YES
Chlorophyte Saber,https://static.wikia.nocookie.net/terraria_gamepedia/images/4/49/Chlorophyte_Saber.png/revision/latest?cb=20200516205514&format=original,57,Melee,4,4%,16,YES
Chlorophyte Shotbow,https://static.wikia.nocookie.net/terraria_gamepedia/images/1/13/Chlorophyte_Shotbow.png/revision/latest?cb=20200516205515&format=original,34,Ranged,2.75,4%,19,YES
Chlorophyte Warhammer,https://static.wikia.nocookie.net/terraria_gamepedia/images/2/25/Chlorophyte_Warhammer.png/revision/latest?cb=20221121014251&format=original,80,Melee,8,4%,35,YES
Christmas Tree Sword,https://static.wikia.nocookie.net/terraria_gamepedia/images/b/b6/Christmas_Tree_Sword.png/revision/latest?cb=20200516205524&format=original,86,Melee,7,4%,23,YES
Classy Cane,https://static.wikia.nocookie.net/terraria_gamepedia/images/7/7d/Classy_Cane.png/revision/latest?cb=20200516205533&format=original,16,Melee,3.5,4%,15,YES
Clinger Staff,https://static.wikia.nocookie.net/terraria_gamepedia/images/8/81/Clinger_Staff.png/revision/latest?cb=20200516205542&format=original,43,Magic,8,4%,24,YES
Clockwork Assault Rifle,https://static.wikia.nocookie.net/terraria_gamepedia/images/3/39/Clockwork_Assault_Rifle.png/revision/latest?cb=20200516205544&format=original,17,Ranged,0,4%,12,YES
Cobalt Chainsaw,https://static.wikia.nocookie.net/terraria_gamepedia/images/b/b9/Cobalt_Chainsaw.png/revision/latest?cb=20200516205622&format=original,23,Melee,2.75,4%,15,YES
Cobalt Drill,https://static.wikia.nocookie.net/terraria_gamepedia/images/6/6b/Cobalt_Drill.png/revision/latest?cb=20200516205625&format=original,10,Melee,0.5,4%,15,YES
Cobalt Naginata,https://static.wikia.nocookie.net/terraria_gamepedia/images/9/91/Cobalt_Naginata.png/revision/latest?cb=20200516205720&format=original,44,Melee,4,4%,28,YES
Cobalt Pickaxe,https://static.wikia.nocookie.net/terraria_gamepedia/images/3/33/Cobalt_Pickaxe.png/revision/latest?cb=20221121021222&format=original,10,Melee,5,4%,25,YES
Cobalt Repeater,https://static.wikia.nocookie.net/terraria_gamepedia/images/4/4d/Cobalt_Repeater.png/revision/latest?cb=20200807040202&format=original,35,Ranged,1.5,4%,23,YES
Cobalt Sword,https://static.wikia.nocookie.net/terraria_gamepedia/images/d/d6/Cobalt_Sword.png/revision/latest?cb=20221121020439&format=original,40,Melee,5,4%,19,YES
Cobalt Waraxe,https://static.wikia.nocookie.net/terraria_gamepedia/images/5/56/Cobalt_Waraxe.png/revision/latest?cb=20200516205731&format=original,33,Melee,5,4%,35,YES
Code 1,https://static.wikia.nocookie.net/terraria_gamepedia/images/2/25/Code_1.png/revision/latest?cb=20200516205737&format=original,21,Melee,3.25,4%,25,NO
Code 2,https://static.wikia.nocookie.net/terraria_gamepedia/images/8/8f/Code_2.png/revision/latest?cb=20200521003945&format=original,54,Melee,3.8,4%,25,YES
Coin Gun,https://static.wikia.nocookie.net/terraria_gamepedia/images/d/d0/Coin_Gun.png/revision/latest?cb=20200516205759&format=original,0,Ranged,2,4%,8,YES
Combat Wrench,https://static.wikia.nocookie.net/terraria_gamepedia/images/4/4c/Combat_Wrench.png/revision/latest?cb=20200516205954&format=original,25,Melee,3.5,4%,15,NO
Cool Whip,https://static.wikia.nocookie.net/terraria_gamepedia/images/c/cd/Cool_Whip.png/revision/latest?cb=20200516210016&format=original,45,Summon,1.5,0%,30,YES
Copper Axe,https://static.wikia.nocookie.net/terraria_gamepedia/images/2/21/Copper_Axe.png/revision/latest?cb=20200516210019&format=original,3,Melee,4.5,4%,30,NO
Copper Bow,https://static.wikia.nocookie.net/terraria_gamepedia/images/4/4c/Copper_Bow.png/revision/latest?cb=20200516210023&format=original,6,Ranged,0,4%,29,NO
Copper Broadsword,https://static.wikia.nocookie.net/terraria_gamepedia/images/c/cb/Copper_Broadsword.png/revision/latest?cb=20221122020515&format=original,45,Melee,5.5,4%,21,NO
Copper Hammer,https://static.wikia.nocookie.net/terraria_gamepedia/images/4/4a/Copper_Hammer.png/revision/latest?cb=20221121011305&format=original,4,Melee,5.5,4%,33,NO
Copper Pickaxe,https://static.wikia.nocookie.net/terraria_gamepedia/images/d/d7/Copper_Pickaxe.png/revision/latest?cb=20200516210046&format=original,4,Melee,2,4%,23,NO
Copper Shortsword,https://static.wikia.nocookie.net/terraria_gamepedia/images/8/8b/Copper_Shortsword.png/revision/latest?cb=20200516210051&format=original,45,Melee,4,4%,13,NO
Crimson Rod,https://static.wikia.nocookie.net/terraria_gamepedia/images/2/21/Crimson_Rod.png/revision/latest?cb=20200516210419&format=original,12,Magic,0,4%,24,NO
Crystal Serpent,https://static.wikia.nocookie.net/terraria_gamepedia/images/0/05/Crystal_Serpent.png/revision/latest?cb=20200516210655&format=original,40,Magic,4.4,4%,29,YES
Crystal Storm,https://static.wikia.nocookie.net/terraria_gamepedia/images/f/fb/Crystal_Storm.png/revision/latest?cb=20200516210811&format=original,32,Magic,5,4%,7,YES
Crystal Vile Shard,https://static.wikia.nocookie.net/terraria_gamepedia/images/3/32/Crystal_Vile_Shard.png/revision/latest?cb=20200516210819&format=original,25,Magic,3,4%,33,YES
Cursed Flames,https://static.wikia.nocookie.net/terraria_gamepedia/images/8/84/Cursed_Flames.png/revision/latest?cb=20200516210830&format=original,55,Magic,6.5,4%,15,YES
Cutlass,https://static.wikia.nocookie.net/terraria_gamepedia/images/1/1e/Cutlass.png/revision/latest?cb=20200516210851&format=original,53,Melee,4,4%,16,YES
Daedalus Stormbow,https://static.wikia.nocookie.net/terraria_gamepedia/images/b/b0/Daedalus_Stormbow.png/revision/latest?cb=20200516211038&format=original,38,Ranged,2.25,4%,19,YES
Dao of Pow,https://static.wikia.nocookie.net/terraria_gamepedia/images/3/34/Dao_of_Pow.png/revision/latest?cb=20200516211044&format=original,100,Melee,6,4%,45,YES
Dark Harvest,https://static.wikia.nocookie.net/terraria_gamepedia/images/1/18/Dark_Harvest.png/revision/latest?cb=20200516211057&format=original,100,Summon,3,0%,27,YES
Dark Lance,https://static.wikia.nocookie.net/terraria_gamepedia/images/e/ef/Dark_Lance.png/revision/latest?cb=20200516211059&format=original,34,Melee,5,4%,22,NO
Dart Pistol,https://static.wikia.nocookie.net/terraria_gamepedia/images/7/73/Dart_Pistol.png/revision/latest?cb=20200516211129&format=original,28,Ranged,3.5,4%,22,YES
Dart Rifle,https://static.wikia.nocookie.net/terraria_gamepedia/images/e/e9/Dart_Rifle.png/revision/latest?cb=20200516211133&format=original,52,Ranged,5.5,4%,38,YES
Daybreak,https://static.wikia.nocookie.net/terraria_gamepedia/images/7/77/Daybreak.png/revision/latest?cb=20200516211143&format=original,150,Melee,5,4%,16,YES
Deadly Sphere Staff,https://static.wikia.nocookie.net/terraria_gamepedia/images/a/a7/Deadly_Sphere_Staff.png/revision/latest?cb=20200516211214&format=original,40,Summon,2,0%,36,YES
Death Sickle,https://static.wikia.nocookie.net/terraria_gamepedia/images/6/64/Death_Sickle.png/revision/latest?cb=20221121031449&format=original,57,Melee,5,4%,25,YES
Deathbringer Pickaxe,https://static.wikia.nocookie.net/terraria_gamepedia/images/1/11/Deathbringer_Pickaxe.png/revision/latest?cb=20221121021459&format=original,12,Melee,3.5,4%,22,NO
Demon Bow,https://static.wikia.nocookie.net/terraria_gamepedia/images/7/73/Demon_Bow.png/revision/latest?cb=20150702053548&format=original,14,Ranged,1,4%,25,NO
Demon Scythe,https://static.wikia.nocookie.net/terraria_gamepedia/images/e/e2/Demon_Scythe.png/revision/latest?cb=20200516211312&format=original,35,Magic,5,4%,20,NO
Desert Tiger Staff,https://static.wikia.nocookie.net/terraria_gamepedia/images/e/e7/Desert_Tiger_Staff.png/revision/latest?cb=20200516211334&format=original,41,Summon,4,0%,36,YES
Diamond Staff,https://static.wikia.nocookie.net/terraria_gamepedia/images/b/b0/Diamond_Staff.png/revision/latest?cb=20160525133441&format=original,23,Magic,5.5,4%,26,NO
Dirt Bomb,https://static.wikia.nocookie.net/terraria_gamepedia/images/5/50/Dirt_Bomb.png/revision/latest?cb=20200516211401&format=original,100,-,0,0%,25,NO
Drax,https://static.wikia.nocookie.net/terraria_gamepedia/images/c/ca/Drax.png/revision/latest?cb=20200516211513&format=original,35,Melee,4.75,4%,15,YES
Drippler Crippler,https://static.wikia.nocookie.net/terraria_gamepedia/images/1/19/Drippler_Crippler.png/revision/latest?cb=20200516211520&format=original,110,Melee,6.5,4%,40,YES
Dry Bomb,https://static.wikia.nocookie.net/terraria_gamepedia/images/9/9a/Dry_Bomb.png/revision/latest?cb=20200516211529&format=original,100,-,0,0%,25,NO
Durendal,https://static.wikia.nocookie.net/terraria_gamepedia/images/f/f0/Durendal.png/revision/latest?cb=20200516211620&format=original,55,Summon,2,0%,28,YES
Dynamite,https://static.wikia.nocookie.net/terraria_gamepedia/images/f/fc/Dynamite.png/revision/latest?cb=20211101205122&format=original,250,-,0,0%,40,NO
Ebonwood Bow,https://static.wikia.nocookie.net/terraria_gamepedia/images/a/a2/Ebonwood_Bow.png/revision/latest?cb=20200516211722&format=original,8,Ranged,0,4%,28,NO
Ebonwood Hammer,https://static.wikia.nocookie.net/terraria_gamepedia/images/5/56/Ebonwood_Hammer.png/revision/latest?cb=20221121011821&format=original,7,Melee,5.5,4%,30,NO
Ebonwood Sword,https://static.wikia.nocookie.net/terraria_gamepedia/images/a/ad/Ebonwood_Sword.png/revision/latest?cb=20200516211748&format=original,45,Melee,6,4%,19,NO
Egg Cannon,https://static.wikia.nocookie.net/terraria_gamepedia/images/5/5a/Egg_Cannon.png/revision/latest?cb=20141102234948&format=original,16,Ranged,0.5,4%,,NO
Electrosphere Launcher,https://static.wikia.nocookie.net/terraria_gamepedia/images/d/da/Electrosphere_Launcher.png/revision/latest?cb=20200516211802&format=original,40,Ranged,2,4%,12,YES
Elf Melter,https://static.wikia.nocookie.net/terraria_gamepedia/images/d/de/Elf_Melter.png/revision/latest?cb=20200521003946&format=original,53,Ranged,0.425,4%,30,YES
Emerald Staff,https://static.wikia.nocookie.net/terraria_gamepedia/images/3/3b/Emerald_Staff.png/revision/latest?cb=20200516211901&format=original,19,Magic,4.25,4%,32,NO
Enchanted Boomerang,https://static.wikia.nocookie.net/terraria_gamepedia/images/0/05/Enchanted_Boomerang.png/revision/latest?cb=20200516211915&format=original,17,Melee,8,4%,20,NO
Enchanted Sword,https://static.wikia.nocookie.net/terraria_gamepedia/images/b/b3/Enchanted_Sword_%28item%29.png/revision/latest?cb=20201004152143&format=original,23,Melee,4.25(Average)5.25(Average),4%,21,NO
Eventide,https://static.wikia.nocookie.net/terraria_gamepedia/images/2/24/Eventide.png/revision/latest?cb=20200516211951&format=original,50,Ranged,2,4%,30,YES
Excalibur,https://static.wikia.nocookie.net/terraria_gamepedia/images/f/fa/Excalibur.png/revision/latest?cb=20200516211959&format=original,72,Melee,4.5,4%,20,YES
Exotic Scimitar,https://static.wikia.nocookie.net/terraria_gamepedia/images/3/36/Exotic_Scimitar.png/revision/latest?cb=20221122015509&format=original,20,Melee,4.25,4%,18,NO
Explosive Bunny,https://static.wikia.nocookie.net/terraria_gamepedia/images/2/27/Explosive_Bunny.png/revision/latest?cb=20200807035543&format=original,350,-,0,0%,20,NO
Explosive Trap Cane,https://static.wikia.nocookie.net/terraria_gamepedia/images/6/6a/Explosive_Trap_Cane.png/revision/latest?cb=20200516212010&format=original,59,Summon,0.5,0%,30,YES
Explosive Trap Rod,https://static.wikia.nocookie.net/terraria_gamepedia/images/b/bc/Explosive_Trap_Rod.png/revision/latest?cb=20200516212012&format=original,24,Summon,0.5,0%,30,NO
Explosive Trap Staff,https://static.wikia.nocookie.net/terraria_gamepedia/images/b/b9/Explosive_Trap_Staff.png/revision/latest?cb=20200516212014&format=original,126,Summon,0.5,0%,30,YES
Falcon Blade,https://static.wikia.nocookie.net/terraria_gamepedia/images/a/ab/Falcon_Blade.png/revision/latest?cb=20221122015255&format=original,25,Melee,6,4%,20,NO
Fetid Baghnakhs,https://static.wikia.nocookie.net/terraria_gamepedia/images/0/0d/Fetid_Baghnakhs.png/revision/latest?cb=20221122015412&format=original,60,Melee,6,4%,8,YES
Finch Staff,https://static.wikia.nocookie.net/terraria_gamepedia/images/4/4e/Finch_Staff.png/revision/latest?cb=20200516212242&format=original,7,Summon,4,0%,36,NO
Firecracker,https://static.wikia.nocookie.net/terraria_gamepedia/images/8/86/Firecracker.png/revision/latest?cb=20200516212311&format=original,37,Summon,2,0%,30,YES
Flairon,https://static.wikia.nocookie.net/terraria_gamepedia/images/2/2f/Flairon.png/revision/latest?cb=20200516212351&format=original,66,Melee,4.5,4%,20,YES
Flamarang,https://static.wikia.nocookie.net/terraria_gamepedia/images/b/b8/Flamarang.png/revision/latest?cb=20200521003952&format=original,49,Melee,8,4%,20,NO
Flameburst Cane,https://static.wikia.nocookie.net/terraria_gamepedia/images/4/45/Flameburst_Cane.png/revision/latest?cb=20200516212442&format=original,42,Summon,3,0%,30,YES
Flameburst Rod,https://static.wikia.nocookie.net/terraria_gamepedia/images/0/0a/Flameburst_Rod.png/revision/latest?cb=20200516212443&format=original,17,Summon,3,0%,30,NO
Flameburst Staff,https://static.wikia.nocookie.net/terraria_gamepedia/images/e/e2/Flameburst_Staff.png/revision/latest?cb=20200516212444&format=original,88,Summon,3,0%,30,YES
Flamelash,https://static.wikia.nocookie.net/terraria_gamepedia/images/0/0f/Flamelash.png/revision/latest?cb=20200521003953&format=original,32,Magic,6.5,4%,30,NO
Flamethrower,https://static.wikia.nocookie.net/terraria_gamepedia/images/a/ad/Flamethrower.png/revision/latest?cb=20200807041304&format=original,35,Ranged,0.3,4%,30,YES
Flaming Mace,https://static.wikia.nocookie.net/terraria_gamepedia/images/e/ea/Flaming_Mace.png/revision/latest?cb=20200516212451&format=original,18,Melee,4.6,4%,45,NO
Flare Gun,https://static.wikia.nocookie.net/terraria_gamepedia/images/5/57/Flare_Gun.png/revision/latest?cb=20200516212452&format=original,2,-,0,0%,18,NO
Flesh Grinder,https://static.wikia.nocookie.net/terraria_gamepedia/images/5/57/Flesh_Grinder.png/revision/latest?cb=20221121013426&format=original,23,Melee,6,4%,40,NO
Flintlock Pistol,https://static.wikia.nocookie.net/terraria_gamepedia/images/d/da/Flintlock_Pistol.png/revision/latest?cb=20200516212550&format=original,13,Ranged,1,4%,16,NO
Flinx Staff,https://static.wikia.nocookie.net/terraria_gamepedia/images/d/de/Flinx_Staff.png/revision/latest?cb=20201013174512&format=original,8,Summon,2,0%,36,NO
Flower of Fire,https://static.wikia.nocookie.net/terraria_gamepedia/images/2/2b/Flower_of_Fire.png/revision/latest?cb=20200516212602&format=original,48,Magic,5.5,4%,16,NO
Flower of Frost,https://static.wikia.nocookie.net/terraria_gamepedia/images/0/09/Flower_of_Frost.png/revision/latest?cb=20200516212604&format=original,60,Magic,6.5,4%,12,YES
Flower Pow,https://static.wikia.nocookie.net/terraria_gamepedia/images/d/da/Flower_Pow.png/revision/latest?cb=20200516212606&format=original,130,Melee,6.5,4%,40,YES
Flying Dragon,https://static.wikia.nocookie.net/terraria_gamepedia/images/b/bc/Flying_Dragon.png/revision/latest?cb=20200516212613&format=original,180,Melee,5.5,4%,20,YES
Flying Knife,https://static.wikia.nocookie.net/terraria_gamepedia/images/1/17/Flying_Knife.png/revision/latest?cb=20200516212618&format=original,40,Melee,4.5,4%,15,YES
Flymeal,https://static.wikia.nocookie.net/terraria_gamepedia/images/2/21/Flymeal.png/revision/latest?cb=20221010164409&format=original,15,Melee,5,4%,17,NO
Format:C,https://static.wikia.nocookie.net/terraria_gamepedia/images/5/55/Format_C.png/revision/latest?cb=20200521003955&format=original,39,Melee,3.25,4%,25,YES
Fossil Pickaxe,https://static.wikia.nocookie.net/terraria_gamepedia/images/b/b7/Fossil_Pickaxe.png/revision/latest?cb=20200516212642&format=original,8,Melee,4,4%,18,NO
Frost Daggerfish,https://static.wikia.nocookie.net/terraria_gamepedia/images/7/77/Frost_Daggerfish.png/revision/latest?cb=20200516212707&format=original,17,Ranged,3.5,4%,13,NO
Frost Staff,https://static.wikia.nocookie.net/terraria_gamepedia/images/b/bb/Frost_Staff.png/revision/latest?cb=20200516212711&format=original,46,Magic,5,4%,12,YES
Frostbrand,https://static.wikia.nocookie.net/terraria_gamepedia/images/3/3d/Frostbrand.png/revision/latest?cb=20221121020931&format=original,49,Melee,4.5,4%,23,YES
Fruitcake Chakram,https://static.wikia.nocookie.net/terraria_gamepedia/images/e/e8/Fruitcake_Chakram.png/revision/latest?cb=20200516212805&format=original,19,Melee,8,4%,15,NO
Gatligator,https://static.wikia.nocookie.net/terraria_gamepedia/images/3/32/Gatligator.png/revision/latest?cb=20200516212824&format=original,21,Ranged,1.5,4%,7,YES
Ghastly Glaive,https://static.wikia.nocookie.net/terraria_gamepedia/images/f/f1/Ghastly_Glaive.png/revision/latest?cb=20200516212836&format=original,45,Melee,7,4%,27,YES
Gladius,https://static.wikia.nocookie.net/terraria_gamepedia/images/c/c5/Gladius.png/revision/latest?cb=20200516212910&format=original,15,Melee,3,4%,21,NO
Gold Axe,https://static.wikia.nocookie.net/terraria_gamepedia/images/2/29/Gold_Axe.png/revision/latest?cb=20221122020808&format=original,7,Melee,4.5,4%,26,NO
Gold Bow,https://static.wikia.nocookie.net/terraria_gamepedia/images/f/ff/Gold_Bow.png/revision/latest?cb=20200516213010&format=original,11,Ranged,0,4%,26,NO
Gold Broadsword,https://static.wikia.nocookie.net/terraria_gamepedia/images/1/11/Gold_Broadsword.png/revision/latest?cb=20221122020904&format=original,15,Melee,6.5,4%,18,NO
Gold Hammer,https://static.wikia.nocookie.net/terraria_gamepedia/images/8/8d/Gold_Hammer.png/revision/latest?cb=20221121013212&format=original,9,Melee,5.5,4%,28,NO
Gold Pickaxe,https://static.wikia.nocookie.net/terraria_gamepedia/images/d/d3/Gold_Pickaxe.png/revision/latest?cb=20200516213313&format=original,6,Melee,2,4%,20,NO
Gold Shortsword,https://static.wikia.nocookie.net/terraria_gamepedia/images/0/07/Gold_Shortsword.png/revision/latest?cb=20200516213317&format=original,12,Melee,5,4%,11,NO
Golden Shower,https://static.wikia.nocookie.net/terraria_gamepedia/images/3/39/Golden_Shower.png/revision/latest?cb=20200516213405&format=original,30,Magic,4,4%,18,YES
Golem Fist,https://static.wikia.nocookie.net/terraria_gamepedia/images/f/f8/Golem_Fist.png/revision/latest?cb=20200516213419&format=original,90,Melee,12,4%,24,YES
Gradient,https://static.wikia.nocookie.net/terraria_gamepedia/images/5/58/Gradient.png/revision/latest?cb=20200521003958&format=original,49,Melee,3.8,4%,25,YES
Gravedigger's Shovel,https://static.wikia.nocookie.net/terraria_gamepedia/images/7/73/Gravedigger%27s_Shovel.png/revision/latest?cb=20200516213534&format=original,12,Melee,3.5,4%,22,NO
Gray Zapinator,https://static.wikia.nocookie.net/terraria_gamepedia/images/0/0a/Gray_Zapinator.png/revision/latest?cb=20200516213547&format=original,42,Magic,6,4%,36,NO
Green Phaseblade,https://static.wikia.nocookie.net/terraria_gamepedia/images/7/73/Green_Phaseblade.png/revision/latest?cb=20200516213701&format=original,26,Melee,3,4%,18,NO
Green Phasesaber,https://static.wikia.nocookie.net/terraria_gamepedia/images/7/78/Green_Phasesaber.png/revision/latest?cb=20221122021124&format=original,48,Melee,3,4%,16,YES
Grenade,https://static.wikia.nocookie.net/terraria_gamepedia/images/f/fb/Grenade.png/revision/latest?cb=20200516213727&format=original,60,Ranged/ Throwing,8,4%,45,NO
Grenade Launcher,https://static.wikia.nocookie.net/terraria_gamepedia/images/6/67/Grenade_Launcher.png/revision/latest?cb=20200516213726&format=original,60,Ranged,4,4%,20,YES
Gungnir,https://static.wikia.nocookie.net/terraria_gamepedia/images/5/5a/Gungnir.png/revision/latest?cb=20200516213746&format=original,61,Melee,6.4,4%,22,YES
Haemorrhaxe,https://static.wikia.nocookie.net/terraria_gamepedia/images/1/18/Haemorrhaxe.png/revision/latest?cb=20221121014004&format=original,30,Melee,7,4%,27,YES
Hallowed Jousting Lance,https://static.wikia.nocookie.net/terraria_gamepedia/images/c/c0/Hallowed_Jousting_Lance.png/revision/latest?cb=20200516213810&format=original,90,Melee,13,4%,24,YES
Hallowed Repeater,https://static.wikia.nocookie.net/terraria_gamepedia/images/9/9f/Hallowed_Repeater.png/revision/latest?cb=20200516213818&format=original,50,Ranged,2.5,4%,17,YES
Ham Bat,https://static.wikia.nocookie.net/terraria_gamepedia/images/b/b9/Ham_Bat.png/revision/latest?cb=20211118183600&format=original,57,Melee,6.5,4%,20,YES
Hammush,https://static.wikia.nocookie.net/terraria_gamepedia/images/f/fc/Hammush.png/revision/latest?cb=20200516213827&format=original,26,Melee,7.5,4%,27,YES
Handgun,https://static.wikia.nocookie.net/terraria_gamepedia/images/3/3e/Handgun.png/revision/latest?cb=20200516213830&format=original,26,Ranged,3,4%,15,NO
Happy Grenade,https://static.wikia.nocookie.net/terraria_gamepedia/images/9/9e/Happy_Grenade.png/revision/latest?cb=20200516213845&format=original,30,Ranged/ Throwing,6,4%,20,NO
Harpoon,https://static.wikia.nocookie.net/terraria_gamepedia/images/d/dc/Harpoon.png/revision/latest?cb=20200516213858&format=original,25,Ranged,6,4%,30,NO
Heat Ray,https://static.wikia.nocookie.net/terraria_gamepedia/images/1/13/Heat_Ray.png/revision/latest?cb=20200516213918&format=original,90,Magic,3,4%,10,YES
Hel-Fire,https://static.wikia.nocookie.net/terraria_gamepedia/images/c/c3/Hel-Fire.png/revision/latest?cb=20200521003958&format=original,41,Melee,4.5,4%,25,YES
Hellwing Bow,https://static.wikia.nocookie.net/terraria_gamepedia/images/d/df/Hellwing_Bow.png/revision/latest?cb=20200521004000&format=original,22,Ranged,5.5,4%,13,NO
Hive-Five,https://static.wikia.nocookie.net/terraria_gamepedia/images/5/55/HiveFive1.4.4.png/revision/latest?cb=20221004174830&format=original,24,Melee,3.75,4%,25,NO
Holy Hand Grenade,https://static.wikia.nocookie.net/terraria_gamepedia/images/a/ad/Holy_Hand_Grenade.png/revision/latest?cb=20150206163708&format=original,600,-,?,0%,50,NO
Holy Water,https://static.wikia.nocookie.net/terraria_gamepedia/images/2/25/Holy_Water.png/revision/latest?cb=20200516214013&format=original,20,-,3,0%,15,YES
Honey Bomb,https://static.wikia.nocookie.net/terraria_gamepedia/images/f/f0/Honey_Bomb.png/revision/latest?cb=20200516214021&format=original,100,-,0,0%,25,NO
Hornet Staff,https://static.wikia.nocookie.net/terraria_gamepedia/images/4/4f/Hornet_Staff.png/revision/latest?cb=20200516214127&format=original,45,Summon,2,0%,22,NO
Houndius Shootius,https://static.wikia.nocookie.net/terraria_gamepedia/images/c/c8/Houndius_Shootius.png/revision/latest?cb=20211118183602&format=original,24,Summon,7.5,0%,30,NO
Ice Blade,https://static.wikia.nocookie.net/terraria_gamepedia/images/c/c3/Ice_Blade.png/revision/latest?cb=20200516214144&format=original,17,Melee,4.75,6%,20,NO
Ice Boomerang,https://static.wikia.nocookie.net/terraria_gamepedia/images/1/14/Ice_Boomerang.png/revision/latest?cb=20200516214147&format=original,21,Melee,8.5,6%,20,NO
Ice Bow,https://static.wikia.nocookie.net/terraria_gamepedia/images/a/a3/Ice_Bow.png/revision/latest?cb=20200516214148&format=original,39,Ranged,4.5,4%,14,YES
Ice Rod,https://static.wikia.nocookie.net/terraria_gamepedia/images/6/69/Ice_Rod.png/revision/latest?cb=20200730144854&format=original,28,Magic,2,4%,9,YES
Ice Sickle,https://static.wikia.nocookie.net/terraria_gamepedia/images/e/ea/Ice_Sickle.png/revision/latest?cb=20200516214206&format=original,50,Melee,5.5,4%,25,YES
Icemourne,https://static.wikia.nocookie.net/terraria_gamepedia/images/e/ea/Icemourne.png/revision/latest?cb=20131001073230&format=original,44,-,8,0%,32,NO
Imp Staff,https://static.wikia.nocookie.net/terraria_gamepedia/images/7/72/Imp_Staff.png/revision/latest?cb=20200516214233&format=original,17,Summon,2,0%,36,NO
Inferno Fork,https://static.wikia.nocookie.net/terraria_gamepedia/images/0/0f/Inferno_Fork.png/revision/latest?cb=20200731195340&format=original,70,Magic,5,4%,30,YES
Influx Waver,https://static.wikia.nocookie.net/terraria_gamepedia/images/d/d2/Influx_Waver.png/revision/latest?cb=20200516214244&format=original,100,Melee,4.5,4%,20,YES
Iron Axe,https://static.wikia.nocookie.net/terraria_gamepedia/images/8/81/Iron_Axe.png/revision/latest?cb=20221121015518&format=original,5,Melee,4.5,4%,27,NO
Iron Bow,https://static.wikia.nocookie.net/terraria_gamepedia/images/6/62/Iron_Bow.png/revision/latest?cb=20200516214301&format=original,8,Ranged,0,4%,28,NO
Iron Broadsword,https://static.wikia.nocookie.net/terraria_gamepedia/images/c/cf/Iron_Broadsword.png/revision/latest?cb=20221121015053&format=original,45,Melee,5.5,4%,20,NO
Iron Hammer,https://static.wikia.nocookie.net/terraria_gamepedia/images/0/0a/Iron_Hammer.png/revision/latest?cb=20221121011546&format=original,7,Melee,5.5,4%,30,NO
Iron Pickaxe,https://static.wikia.nocookie.net/terraria_gamepedia/images/a/a2/Iron_Pickaxe.png/revision/latest?cb=20200516214316&format=original,5,Melee,2,4%,20,NO
Iron Shortsword,https://static.wikia.nocookie.net/terraria_gamepedia/images/c/c8/Iron_Shortsword.png/revision/latest?cb=20200516214319&format=original,8,Melee,4,4%,12,NO
Jack 'O Lantern Launcher,https://static.wikia.nocookie.net/terraria_gamepedia/images/9/9a/Jack_%27O_Lantern_Launcher.png/revision/latest?cb=20200516214329&format=original,65,Ranged,5,10%,25,YES
Javelin,https://static.wikia.nocookie.net/terraria_gamepedia/images/1/1d/Javelin.png/revision/latest?cb=20200516214336&format=original,17,Ranged,4.75,4%,24,NO
Jousting Lance,https://static.wikia.nocookie.net/terraria_gamepedia/images/c/c4/Jousting_Lance.png/revision/latest?cb=20200516214353&format=original,60,Melee,12,4%,24,YES
Kaleidoscope,https://static.wikia.nocookie.net/terraria_gamepedia/images/8/86/Kaleidoscope.png/revision/latest?cb=20200516214425&format=original,180,Summon,4,0%,30,YES
Katana,https://static.wikia.nocookie.net/terraria_gamepedia/images/e/e9/Katana.png/revision/latest?cb=20221122015136&format=original,18,Melee,3.5,19%,20,NO
Keybrand,https://static.wikia.nocookie.net/terraria_gamepedia/images/0/02/Keybrand.png/revision/latest?cb=20221121020806&format=original,105,Melee,6.5,20%,20,YES
KO Cannon,https://static.wikia.nocookie.net/terraria_gamepedia/images/2/23/KO_Cannon.png/revision/latest?cb=20200516214447&format=original,40,Melee,6.5,4%,28,YES
Kraken,https://static.wikia.nocookie.net/terraria_gamepedia/images/d/d3/Kraken.png/revision/latest?cb=20200521004004&format=original,95,Melee,4.3,14%,25,YES
Laser Drill,https://static.wikia.nocookie.net/terraria_gamepedia/images/0/07/Laser_Drill.png/revision/latest?cb=20200516214530&format=original,35,Melee,4.75,4%,25,YES
Laser Machinegun,https://static.wikia.nocookie.net/terraria_gamepedia/images/1/1c/Laser_Machinegun.png/revision/latest?cb=20200516214532&format=original,60,Magic,2,4%,20,YES
Laser Rifle,https://static.wikia.nocookie.net/terraria_gamepedia/images/0/0d/Laser_Rifle.png/revision/latest?cb=20200516214535&format=original,29,Magic,2.5,4%,12,YES
Last Prism,https://static.wikia.nocookie.net/terraria_gamepedia/images/0/0e/Last_Prism.png/revision/latest?cb=20200516214536&format=original,100,Magic,0.25,4%,10,YES
Lava Bomb,https://static.wikia.nocookie.net/terraria_gamepedia/images/d/d1/Lava_Bomb.png/revision/latest?cb=20200516214542&format=original,100,-,0,0%,25,NO
Lead Axe,https://static.wikia.nocookie.net/terraria_gamepedia/images/c/c3/Lead_Axe.png/revision/latest?cb=20221122020025&format=original,6,Melee,4.5,4%,28,NO
Lead Bow,https://static.wikia.nocookie.net/terraria_gamepedia/images/d/d1/Lead_Bow.png/revision/latest?cb=20200516214611&format=original,9,Ranged,0,4%,27,NO
Lead Broadsword,https://static.wikia.nocookie.net/terraria_gamepedia/images/5/53/Lead_Broadsword.png/revision/latest?cb=20221122020115&format=original,13,Melee,5.5,4%,20,NO
Lead Hammer,https://static.wikia.nocookie.net/terraria_gamepedia/images/0/0b/Lead_Hammer.png/revision/latest?cb=20221121012324&format=original,8,Melee,5.5,4%,29,NO
Lead Pickaxe,https://static.wikia.nocookie.net/terraria_gamepedia/images/8/83/Lead_Pickaxe.png/revision/latest?cb=20200516214624&format=original,6,Melee,2,4%,19,NO
Lead Shortsword,https://static.wikia.nocookie.net/terraria_gamepedia/images/3/35/Lead_Shortsword.png/revision/latest?cb=20200516214625&format=original,9,Melee,4,4%,12,NO
Leaf Blower,https://static.wikia.nocookie.net/terraria_gamepedia/images/4/4b/Leaf_Blower.png/revision/latest?cb=20200516214627&format=original,48,Magic,4,4%,7,YES
Leather Whip,https://static.wikia.nocookie.net/terraria_gamepedia/images/8/85/Leather_Whip.png/revision/latest?cb=20200516214634&format=original,14,Summon,1,0%,30,NO
Life Drain,https://static.wikia.nocookie.net/terraria_gamepedia/images/2/26/Life_Drain.png/revision/latest?cb=20200516214723&format=original,35,Magic,2.5,4%,12,YES
Light Disc,https://static.wikia.nocookie.net/terraria_gamepedia/images/f/f4/Light_Disc.png/revision/latest?cb=20200516214730&format=original,60,Melee,8,4%,14,YES
Light's Bane,https://static.wikia.nocookie.net/terraria_gamepedia/images/1/13/Light%27s_Bane.png/revision/latest?cb=20200516214746&format=original,16,Melee,5,4%,20,NO
Lightning Aura Cane,https://static.wikia.nocookie.net/terraria_gamepedia/images/d/d9/Lightning_Aura_Cane.png/revision/latest?cb=20200516214734&format=original,11,Summon,0.25,0%,30,YES
Lightning Aura Rod,https://static.wikia.nocookie.net/terraria_gamepedia/images/f/fa/Lightning_Aura_Rod.png/revision/latest?cb=20200516214736&format=original,4,Summon,0.25,0%,30,NO
Lightning Aura Staff,https://static.wikia.nocookie.net/terraria_gamepedia/images/d/dc/Lightning_Aura_Staff.png/revision/latest?cb=20200516214737&format=original,34,Summon,0.25,0%,30,YES
Lucy the Axe,https://static.wikia.nocookie.net/terraria_gamepedia/images/c/c2/Lucy_the_Axe.png/revision/latest?cb=20211118183603&format=original,27,Melee,5,14%,15,NO
Lunar Flare,https://static.wikia.nocookie.net/terraria_gamepedia/images/6/63/Lunar_Flare.png/revision/latest?cb=20200516214952&format=original,100,Magic,4.5,4%,10,YES
Lunar Portal Staff,https://static.wikia.nocookie.net/terraria_gamepedia/images/8/87/Lunar_Portal_Staff.png/revision/latest?cb=20200516214955&format=original,100,Summon,7.5,0%,30,YES
Mace,https://static.wikia.nocookie.net/terraria_gamepedia/images/6/63/Mace.png/revision/latest?cb=20200516215001&format=original,18,Melee,4.6,4%,45,NO
Magic Dagger,https://static.wikia.nocookie.net/terraria_gamepedia/images/5/55/Magic_Dagger.png/revision/latest?cb=20200516215007&format=original,35,Magic,3.75,4%,8,YES
Magic Missile,https://static.wikia.nocookie.net/terraria_gamepedia/images/0/05/Magic_Missile.png/revision/latest?cb=20200516215014&format=original,35,Magic,7.5,4%,22,NO
Magical Harp,https://static.wikia.nocookie.net/terraria_gamepedia/images/3/3a/Magical_Harp.png/revision/latest?cb=20200516215024&format=original,42,Magic,2,4%,12,YES
Magnet Sphere,https://static.wikia.nocookie.net/terraria_gamepedia/images/1/1a/Magnet_Sphere.png/revision/latest?cb=20200516215033&format=original,48,Magic,6,4%,20,YES
Malaise,https://static.wikia.nocookie.net/terraria_gamepedia/images/d/d1/Malaise.png/revision/latest?cb=20200521004006&format=original,16,Melee,4.5,4%,25,NO
Mandible Blade,https://static.wikia.nocookie.net/terraria_gamepedia/images/f/f3/Mandible_Blade.png/revision/latest?cb=20200516215052&format=original,16,Melee,4.5,4%,18,NO
Marrow,https://static.wikia.nocookie.net/terraria_gamepedia/images/6/6a/Marrow.png/revision/latest?cb=20200516215125&format=original,53,Ranged,4.7,9%,19,YES
Medusa Head,https://static.wikia.nocookie.net/terraria_gamepedia/images/9/9a/Medusa_Head.png/revision/latest?cb=20200821040311&format=original,40,Magic,2,4%,20,YES
Megashark,https://static.wikia.nocookie.net/terraria_gamepedia/images/3/36/Megashark.png/revision/latest?cb=20200516215241&format=original,25,Ranged,1,4%,7,YES
Meowmere,https://static.wikia.nocookie.net/terraria_gamepedia/images/6/63/Meowmere.png/revision/latest?cb=20200516215244&format=original,200,Melee,6.5,4%,14,YES
Meteor Hamaxe,https://static.wikia.nocookie.net/terraria_gamepedia/images/3/38/Meteor_Hamaxe.png/revision/latest?cb=20221121013616&format=original,20,Melee,7,4%,30,NO
Meteor Staff,https://static.wikia.nocookie.net/terraria_gamepedia/images/0/07/Meteor_Staff.png/revision/latest?cb=20200516215256&format=original,50,Magic,4.5,4%,10,YES
Minishark,https://static.wikia.nocookie.net/terraria_gamepedia/images/9/96/Minishark.png/revision/latest?cb=20200805024933&format=original,6,Ranged,0,4%,8,NO
Molotov Cocktail,https://static.wikia.nocookie.net/terraria_gamepedia/images/f/fa/Molotov_Cocktail.png/revision/latest?cb=20200516215353&format=original,23,Ranged,7,4%,40,NO
Molten Fury,https://static.wikia.nocookie.net/terraria_gamepedia/images/e/e4/Molten_Fury.png/revision/latest?cb=20200521004007&format=original,31,Ranged,2,4%,22,NO
Molten Hamaxe,https://static.wikia.nocookie.net/terraria_gamepedia/images/d/d8/Molten_Hamaxe.png/revision/latest?cb=20221121013821&format=original,20,Melee,7,4%,27,NO
Molten Pickaxe,https://static.wikia.nocookie.net/terraria_gamepedia/images/d/d0/Molten_Pickaxe.png/revision/latest?cb=20221121020032&format=original,12,Melee,2,4%,23,NO
Morning Star,https://static.wikia.nocookie.net/terraria_gamepedia/images/b/bc/Morning_Star.png/revision/latest?cb=20200516215437&format=original,165,Summon,11,0%,35,YES
Muramasa,https://static.wikia.nocookie.net/terraria_gamepedia/images/c/c2/Muramasa.png/revision/latest?cb=20221107152152&format=original,24,Melee,3,4%,18,NO
Mushroom Spear,https://static.wikia.nocookie.net/terraria_gamepedia/images/6/6a/Mushroom_Spear.png/revision/latest?cb=20200516215545&format=original,60,Melee,6.2,4%,40,YES
Musket,https://static.wikia.nocookie.net/terraria_gamepedia/images/2/2b/Musket.png/revision/latest?cb=20200516215706&format=original,31,Ranged,5.25,11%,32,NO
Mythril Chainsaw,https://static.wikia.nocookie.net/terraria_gamepedia/images/8/83/Mythril_Chainsaw.png/revision/latest?cb=20200516215717&format=original,29,Melee,3,4%,15,YES
Mythril Drill,https://static.wikia.nocookie.net/terraria_gamepedia/images/6/68/Mythril_Drill.png/revision/latest?cb=20200516215720&format=original,15,Melee,0.5,4%,15,YES
Mythril Halberd,https://static.wikia.nocookie.net/terraria_gamepedia/images/1/12/Mythril_Halberd.png/revision/latest?cb=20200516215722&format=original,45,Melee,5,4%,26,YES
Mythril Pickaxe,https://static.wikia.nocookie.net/terraria_gamepedia/images/e/ec/Mythril_Pickaxe.png/revision/latest?cb=20221121021310&format=original,15,Melee,5,4%,25,YES
Mythril Repeater,https://static.wikia.nocookie.net/terraria_gamepedia/images/8/87/Mythril_Repeater.png/revision/latest?cb=20200730143611&format=original,39,Ranged,2,4%,20,YES
Mythril Sword,https://static.wikia.nocookie.net/terraria_gamepedia/images/c/c8/Mythril_Sword.png/revision/latest?cb=20221121020541&format=original,50,Melee,6,4%,20,YES
Mythril Waraxe,https://static.wikia.nocookie.net/terraria_gamepedia/images/8/87/Mythril_Waraxe.png/revision/latest?cb=20200516215732&format=original,39,Melee,6,4%,35,YES
Nail Gun,https://static.wikia.nocookie.net/terraria_gamepedia/images/7/79/Nail_Gun.png/revision/latest?cb=20200516215735&format=original,85,Ranged,0,4%,15,YES
Nebula Arcanum,https://static.wikia.nocookie.net/terraria_gamepedia/images/c/ce/Nebula_Arcanum.png/revision/latest?cb=20200516215744&format=original,70,Magic,5,4%,30,YES
Nebula Axe,https://static.wikia.nocookie.net/terraria_gamepedia/images/6/6b/Nebula_Axe.png/revision/latest?cb=20200516215746&format=original,100,Melee,6,4%,25,YES
Nebula Blaze,https://static.wikia.nocookie.net/terraria_gamepedia/images/f/fc/Nebula_Blaze.png/revision/latest?cb=20200516215747&format=original,130,Magic,3,4%,12,YES
Nebula Chainsaw,https://static.wikia.nocookie.net/terraria_gamepedia/images/2/27/Nebula_Chainsaw.png/revision/latest?cb=20200516215749&format=original,80,Melee,4,4%,15,YES
Nebula Drill,https://static.wikia.nocookie.net/terraria_gamepedia/images/d/da/Nebula_Drill.png/revision/latest?cb=20200516215750&format=original,50,Melee,0.5,4%,15,YES
Nebula Hamaxe,https://static.wikia.nocookie.net/terraria_gamepedia/images/d/d6/Nebula_Hamaxe.png/revision/latest?cb=20200516215756&format=original,60,Melee,7,4%,28,YES
Nebula Hammer,https://static.wikia.nocookie.net/terraria_gamepedia/images/4/4b/Nebula_Hammer.png/revision/latest?cb=20200516215757&format=original,110,Melee,7,4%,30,YES
Nebula Pickaxe,https://static.wikia.nocookie.net/terraria_gamepedia/images/6/6d/Nebula_Pickaxe.png/revision/latest?cb=20200516215803&format=original,80,Melee,5.5,4%,12,YES
Nettle Burst,https://static.wikia.nocookie.net/terraria_gamepedia/images/9/98/Nettle_Burst.png/revision/latest?cb=20200516215823&format=original,35,Magic,1,4%,25,YES
Night's Edge,https://static.wikia.nocookie.net/terraria_gamepedia/images/9/98/Night%27s_Edge.png/revision/latest?cb=20200516215831&format=original,40,Melee,4.5,4%,25,NO
Nightglow,https://static.wikia.nocookie.net/terraria_gamepedia/images/2/23/Nightglow.png/revision/latest?cb=20200516215828&format=original,50,Magic,2.5,4%,36,YES
Nightmare Pickaxe,https://static.wikia.nocookie.net/terraria_gamepedia/images/a/a7/Nightmare_Pickaxe.png/revision/latest?cb=20221121015932&format=original,9,Melee,3,4%,20,NO
Nimbus Rod,https://static.wikia.nocookie.net/terraria_gamepedia/images/b/b7/Nimbus_Rod.png/revision/latest?cb=20200516215833&format=original,30,Magic,0,4%,22,YES
North Pole,https://static.wikia.nocookie.net/terraria_gamepedia/images/d/d4/North_Pole.png/revision/latest?cb=20200516215838&format=original,80,Melee,6.7,4%,30,YES
Obsidian Swordfish,https://static.wikia.nocookie.net/terraria_gamepedia/images/c/c9/Obsidian_Swordfish.png/revision/latest?cb=20200516215929&format=original,70,Melee,6.5,24%,20,YES
Onyx Blaster,https://static.wikia.nocookie.net/terraria_gamepedia/images/6/6b/Onyx_Blaster.png/revision/latest?cb=20200730143917&format=original,24,Ranged,6.5,4%,48,YES
Optic Staff,https://static.wikia.nocookie.net/terraria_gamepedia/images/8/86/Optic_Staff.png/revision/latest?cb=20200516220008&format=original,24,Summon,2,0%,36,YES
Orange Phaseblade,https://static.wikia.nocookie.net/terraria_gamepedia/images/a/a0/Orange_Phaseblade.png/revision/latest?cb=20200516220021&format=original,26,Melee,3,4%,18,NO
Orange Phasesaber,https://static.wikia.nocookie.net/terraria_gamepedia/images/8/85/Orange_Phasesaber.png/revision/latest?cb=20221122021334&format=original,48,Melee,3,4%,16,YES
Orange Zapinator,https://static.wikia.nocookie.net/terraria_gamepedia/images/1/1b/Orange_Zapinator.png/revision/latest?cb=20200516220029&format=original,100,Magic,6,4%,36,YES
Orichalcum Chainsaw,https://static.wikia.nocookie.net/terraria_gamepedia/images/d/d9/Orichalcum_Chainsaw.png/revision/latest?cb=20200516220034&format=original,31,Melee,3.75,4%,15,YES
Orichalcum Drill,https://static.wikia.nocookie.net/terraria_gamepedia/images/6/6e/Orichalcum_Drill.png/revision/latest?cb=20200516220035&format=original,17,Melee,0.5,4%,15,YES
Orichalcum Halberd,https://static.wikia.nocookie.net/terraria_gamepedia/images/8/89/Orichalcum_Halberd.png/revision/latest?cb=20200516220037&format=original,46,Melee,5.5,4%,25,YES
Orichalcum Pickaxe,https://static.wikia.nocookie.net/terraria_gamepedia/images/e/e9/Orichalcum_Pickaxe.png/revision/latest?cb=20221121022133&format=original,17,Melee,5,4%,25,YES
Orichalcum Repeater,https://static.wikia.nocookie.net/terraria_gamepedia/images/5/51/Orichalcum_Repeater.png/revision/latest?cb=20200516220049&format=original,40,Ranged,2,4%,19,YES
Orichalcum Sword,https://static.wikia.nocookie.net/terraria_gamepedia/images/c/c1/Orichalcum_Sword.png/revision/latest?cb=20221121022013&format=original,59,Melee,6,4%,22,YES
Orichalcum Waraxe,https://static.wikia.nocookie.net/terraria_gamepedia/images/a/ae/Orichalcum_Waraxe.png/revision/latest?cb=20200516220054&format=original,41,Melee,6.5,4%,35,YES
Paintball Gun,https://static.wikia.nocookie.net/terraria_gamepedia/images/b/b0/Paintball_Gun.png/revision/latest?cb=20200516220136&format=original,12,Ranged,1.25,11%,24,NO
Paladin's Hammer,https://static.wikia.nocookie.net/terraria_gamepedia/images/f/f7/Paladin%27s_Hammer.png/revision/latest?cb=20200521004011&format=original,90,Melee,9,4%,15,YES
Palladium Chainsaw,https://static.wikia.nocookie.net/terraria_gamepedia/images/0/05/Palladium_Chainsaw.png/revision/latest?cb=20200516220149&format=original,26,Melee,2.9,4%,15,YES
Palladium Drill,https://static.wikia.nocookie.net/terraria_gamepedia/images/e/ec/Palladium_Drill.png/revision/latest?cb=20200516220153&format=original,12,Melee,0.5,4%,15,YES
Palladium Pickaxe,https://static.wikia.nocookie.net/terraria_gamepedia/images/7/74/Palladium_Pickaxe.png/revision/latest?cb=20221121021800&format=original,12,Melee,5,4%,25,YES
Palladium Pike,https://static.wikia.nocookie.net/terraria_gamepedia/images/7/79/Palladium_Pike.png/revision/latest?cb=20200516220202&format=original,44,Melee,4.5,4%,27,YES
Palladium Repeater,https://static.wikia.nocookie.net/terraria_gamepedia/images/c/cf/Palladium_Repeater.png/revision/latest?cb=20200516220203&format=original,37,Ranged,1.75,4%,22,YES
Palladium Sword,https://static.wikia.nocookie.net/terraria_gamepedia/images/8/86/Palladium_Sword.png/revision/latest?cb=20221121021849&format=original,49,Melee,5.5,4%,22,YES
Palladium Waraxe,https://static.wikia.nocookie.net/terraria_gamepedia/images/1/1a/Palladium_Waraxe.png/revision/latest?cb=20200516220207&format=original,36,Melee,5.5,4%,35,YES
Palm Wood Bow,https://static.wikia.nocookie.net/terraria_gamepedia/images/4/44/Palm_Wood_Bow.png/revision/latest?cb=20200516220215&format=original,6,Ranged,0,4%,29,NO
Palm Wood Hammer,https://static.wikia.nocookie.net/terraria_gamepedia/images/c/ca/Palm_Wood_Hammer.png/revision/latest?cb=20221121010956&format=original,4,Melee,5.5,4%,33,NO
Palm Wood Sword,https://static.wikia.nocookie.net/terraria_gamepedia/images/b/b3/Palm_Wood_Sword.png/revision/latest?cb=20200516220242&format=original,8,Melee,6,4%,19,NO
Paper Airplane,https://static.wikia.nocookie.net/terraria_gamepedia/images/c/c4/Paper_Airplane.png/revision/latest?cb=20200730142110&format=original,4,Ranged,2,4%,17,NO
Pearlwood Bow,https://static.wikia.nocookie.net/terraria_gamepedia/images/5/53/Pearlwood_Bow.png/revision/latest?cb=20200516220322&format=original,12,Ranged,0,4%,20,YES
Pearlwood Hammer,https://static.wikia.nocookie.net/terraria_gamepedia/images/a/a5/Pearlwood_Hammer.png/revision/latest?cb=20221121012652&format=original,10,Melee,5.5,4%,29,YES
Pearlwood Sword,https://static.wikia.nocookie.net/terraria_gamepedia/images/9/9f/Pearlwood_Sword.png/revision/latest?cb=20200516220345&format=original,30,Melee,7,4%,15,YES
Pew-matic Horn,https://static.wikia.nocookie.net/terraria_gamepedia/images/4/48/Pew-matic_Horn.png/revision/latest?cb=20211118183609&format=original,20,Ranged,1,4%,15,NO
Phantasm,https://static.wikia.nocookie.net/terraria_gamepedia/images/a/a7/Phantasm.png/revision/latest?cb=20200516220403&format=original,50,Ranged,2,4%,12,YES
Phantom Phoenix,https://static.wikia.nocookie.net/terraria_gamepedia/images/a/a1/Phantom_Phoenix.png/revision/latest?cb=20200516220405&format=original,32,Ranged,2,4%,18,YES
Phoenix Blaster,https://static.wikia.nocookie.net/terraria_gamepedia/images/a/af/Phoenix_Blaster.png/revision/latest?cb=20200521004013&format=original,30,Ranged,2,4%,14,NO
Pickaxe Axe,https://static.wikia.nocookie.net/terraria_gamepedia/images/d/d7/Pickaxe_Axe.png/revision/latest?cb=20200516220420&format=original,35,Melee,4.75,4%,25,YES
Picksaw,https://static.wikia.nocookie.net/terraria_gamepedia/images/c/c5/Picksaw.png/revision/latest?cb=20200516220424&format=original,34,Melee,5.5,4%,16,YES
Piranha Gun,https://static.wikia.nocookie.net/terraria_gamepedia/images/a/a5/Piranha_Gun.png/revision/latest?cb=20200516220555&format=original,38,Ranged,1,4%,30,YES
Pirate Staff,https://static.wikia.nocookie.net/terraria_gamepedia/images/3/3e/Pirate_Staff.png/revision/latest?cb=20200521004014&format=original,40,Summon,6,0%,36,YES
Platinum Axe,https://static.wikia.nocookie.net/terraria_gamepedia/images/7/75/Platinum_Axe.png/revision/latest?cb=20221122015556&format=original,8,Melee,4.5,4%,25,NO
Platinum Bow,https://static.wikia.nocookie.net/terraria_gamepedia/images/d/db/Platinum_Bow.png/revision/latest?cb=20200516220634&format=original,13,Ranged,0,4%,25,NO
Platinum Broadsword,https://static.wikia.nocookie.net/terraria_gamepedia/images/f/f9/Platinum_Broadsword.png/revision/latest?cb=20221122015700&format=original,16,Melee,6.5,4%,17,NO
Platinum Hammer,https://static.wikia.nocookie.net/terraria_gamepedia/images/d/dd/Platinum_Hammer.png/revision/latest?cb=20221121013535&format=original,10,Melee,5.5,4%,27,NO
Platinum Pickaxe,https://static.wikia.nocookie.net/terraria_gamepedia/images/1/1c/Platinum_Pickaxe.png/revision/latest?cb=20200516220650&format=original,7,Melee,2,4%,19,NO
Platinum Shortsword,https://static.wikia.nocookie.net/terraria_gamepedia/images/5/54/Platinum_Shortsword.png/revision/latest?cb=20200516220652&format=original,13,Melee,5,4%,10,NO
Poison Staff,https://static.wikia.nocookie.net/terraria_gamepedia/images/e/ed/Poison_Staff.png/revision/latest?cb=20200516220705&format=original,43,Magic,5.6,4%,36,YES
Poisoned Knife,https://static.wikia.nocookie.net/terraria_gamepedia/images/0/02/Poisoned_Knife.png/revision/latest?cb=20200516220706&format=original,14,Ranged,2.4,8%,15,NO
Possessed Hatchet,https://static.wikia.nocookie.net/terraria_gamepedia/images/7/7b/Possessed_Hatchet.png/revision/latest?cb=20200516220716&format=original,80,Melee,5,4%,14,YES
Proximity Mine Launcher,https://static.wikia.nocookie.net/terraria_gamepedia/images/f/ff/Proximity_Mine_Launcher.png/revision/latest?cb=20200516220804&format=original,80,Ranged,4,4%,50,YES
Psycho Knife,https://static.wikia.nocookie.net/terraria_gamepedia/images/f/f4/Psycho_Knife.png/revision/latest?cb=20200516220806&format=original,85,Melee,3.5,4%,8,YES
Pulse Bow,https://static.wikia.nocookie.net/terraria_gamepedia/images/4/44/Pulse_Bow.png/revision/latest?cb=20200516220808&format=original,80,Ranged,3,11%,20,YES
Purple Clubberfish,https://static.wikia.nocookie.net/terraria_gamepedia/images/1/1d/Purple_Clubberfish.png/revision/latest?cb=20200516220855&format=original,35,Melee,8,4%,35,NO
Purple Phaseblade,https://static.wikia.nocookie.net/terraria_gamepedia/images/b/b1/Purple_Phaseblade.png/revision/latest?cb=20200516220910&format=original,26,Melee,3,4%,18,NO
Purple Phasesaber,https://static.wikia.nocookie.net/terraria_gamepedia/images/8/88/Purple_Phasesaber.png/revision/latest?cb=20221122021150&format=original,48,Melee,3,4%,16,YES
Pwnhammer,https://static.wikia.nocookie.net/terraria_gamepedia/images/d/de/Pwnhammer.png/revision/latest?cb=20221121013922&format=original,26,Melee,7.5,4%,27,YES
Pygmy Staff,https://static.wikia.nocookie.net/terraria_gamepedia/images/b/b1/Pygmy_Staff.png/revision/latest?cb=20200516220924&format=original,40,Summon,3,0%,28,YES
Quad-Barrel Shotgun,https://static.wikia.nocookie.net/terraria_gamepedia/images/0/04/Quad-Barrel_Shotgun.png/revision/latest?cb=20200516220928&format=original,14,Ranged,6.5,4%,55,NO
Queen Spider Staff,https://static.wikia.nocookie.net/terraria_gamepedia/images/9/97/Queen_Spider_Staff.png/revision/latest?cb=20200516220935&format=original,26,Summon,7.5,0%,30,YES
Rainbow Crystal Staff,https://static.wikia.nocookie.net/terraria_gamepedia/images/1/13/Rainbow_Crystal_Staff.png/revision/latest?cb=20200516220952&format=original,130,Summon,7.5,0%,30,YES
Rainbow Gun,https://static.wikia.nocookie.net/terraria_gamepedia/images/b/ba/Rainbow_Gun.png/revision/latest?cb=20200516220956&format=original,45,Magic,2.5,4%,40,YES
Rainbow Rod,https://static.wikia.nocookie.net/terraria_gamepedia/images/3/34/Rainbow_Rod.png/revision/latest?cb=20200516220959&format=original,50,Magic,6,4%,25,YES
Rally,https://static.wikia.nocookie.net/terraria_gamepedia/images/0/07/Rally.png/revision/latest?cb=20200521004015&format=original,14,Melee,3.5,4%,25,NO
Raven Staff,https://static.wikia.nocookie.net/terraria_gamepedia/images/1/10/Raven_Staff.png/revision/latest?cb=20200516221018&format=original,55,Summon,3,0%,28,YES
Razorblade Typhoon,https://static.wikia.nocookie.net/terraria_gamepedia/images/e/e8/Razorblade_Typhoon.png/revision/latest?cb=20200516221020&format=original,85,Magic,5,4%,40,YES
Razorpine,https://static.wikia.nocookie.net/terraria_gamepedia/images/6/6c/Razorpine.png/revision/latest?cb=20200516221022&format=original,48,Magic,3.25,4%,8,YES
Reaver Shark,https://static.wikia.nocookie.net/terraria_gamepedia/images/3/3c/Reaver_Shark.png/revision/latest?cb=20200516221030&format=original,16,Melee,3,4%,22,NO
Red Phaseblade,https://static.wikia.nocookie.net/terraria_gamepedia/images/7/7b/Red_Phaseblade.png/revision/latest?cb=20200516221113&format=original,26,Melee,3,4%,18,NO
Red Phasesaber,https://static.wikia.nocookie.net/terraria_gamepedia/images/d/dd/Red_Phasesaber.png/revision/latest?cb=20221122021049&format=original,48,Melee,3,4%,16,YES
Red Ryder,https://static.wikia.nocookie.net/terraria_gamepedia/images/0/09/Red_Ryder.png/revision/latest?cb=20200807041733&format=original,20,Ranged,3.75,4%,38,NO
Red's Throw,https://static.wikia.nocookie.net/terraria_gamepedia/images/5/5e/Red%27s_Throw.png/revision/latest?cb=20200521004016&format=original,70,Melee,4.5,4%,25,YES
Resonance Scepter,https://static.wikia.nocookie.net/terraria_gamepedia/images/6/6c/Resonance_Scepter.png/revision/latest?cb=20201013181917&format=original,70,Magic,5,4%,25,YES
Revolver,https://static.wikia.nocookie.net/terraria_gamepedia/images/6/6d/Revolver.png/revision/latest?cb=20200807040417&format=original,20,Ranged,4,9%,22,NO
Rich Mahogany Bow,https://static.wikia.nocookie.net/terraria_gamepedia/images/3/3b/Rich_Mahogany_Bow.png/revision/latest?cb=20200516221205&format=original,6,Ranged,0,4%,29,NO
Rich Mahogany Hammer,https://static.wikia.nocookie.net/terraria_gamepedia/images/a/a0/Rich_Mahogany_Hammer.png/revision/latest?cb=20221121010701&format=original,4,Melee,5.5,4%,33,NO
Rich Mahogany Sword,https://static.wikia.nocookie.net/terraria_gamepedia/images/8/87/Rich_Mahogany_Sword.png/revision/latest?cb=20200516221232&format=original,8,Melee,6,4%,19,NO
Rocket Launcher,https://static.wikia.nocookie.net/terraria_gamepedia/images/0/05/Rocket_Launcher.png/revision/latest?cb=20200516221257&format=original,55,Ranged,4,4%,30,YES
Rockfish,https://static.wikia.nocookie.net/terraria_gamepedia/images/9/90/Rockfish.png/revision/latest?cb=20200516221259&format=original,24,Melee,6,4%,24,NO
Roman candle,https://static.wikia.nocookie.net/terraria_gamepedia/images/4/46/Roman_candle.png/revision/latest?cb=20161016115852&format=original,10,Magic,5,4%,0,NO
Rotten Egg,https://static.wikia.nocookie.net/terraria_gamepedia/images/0/03/Rotten_Egg.png/revision/latest?cb=20200516221310&format=original,13,Ranged,6.5,4%,19,NO
Ruby Staff,https://static.wikia.nocookie.net/terraria_gamepedia/images/c/c3/Ruby_Staff.png/revision/latest?cb=20200516221326&format=original,21,Magic,4.75,4%,28,NO
Ruler,https://static.wikia.nocookie.net/terraria_gamepedia/images/a/aa/Ruler.png/revision/latest?cb=20200516221332&format=original,12,Melee,0.5,4%,20,NO
S.D.M.G,https://static.wikia.nocookie.net/terraria_gamepedia/images/0/04/S.D.M.G..png/revision/latest?cb=20200521004017&format=original,85,Ranged,2.5,14%,5,YES
Sandgun,https://static.wikia.nocookie.net/terraria_gamepedia/images/a/a6/Sandgun.png/revision/latest?cb=20200516221409&format=original,30,Ranged,5,4%,16,NO
Sanguine Staff,https://static.wikia.nocookie.net/terraria_gamepedia/images/3/3d/Sanguine_Staff.png/revision/latest?cb=20200516221447&format=original,35,Summon,3,0%,36,YES
Sapphire Staff,https://static.wikia.nocookie.net/terraria_gamepedia/images/5/55/Sapphire_Staff.png/revision/latest?cb=20200516221506&format=original,18,Magic,4,4%,34,NO
Sawtooth Shark,https://static.wikia.nocookie.net/terraria_gamepedia/images/b/b5/Sawtooth_Shark.png/revision/latest?cb=20200516221518&format=original,13,Melee,2.25,4%,15,NO
Scarab Bomb,https://static.wikia.nocookie.net/terraria_gamepedia/images/8/82/Scarab_Bomb.png/revision/latest?cb=20200516221520&format=original,100,-,0,0%,25,NO
Scourge of the Corruptor,https://static.wikia.nocookie.net/terraria_gamepedia/images/8/8a/Scourge_of_the_Corruptor.png/revision/latest?cb=20200521004019&format=original,70,Melee,5,4%,20,YES
Scythe,https://static.wikia.nocookie.net/terraria_gamepedia/images/c/cd/Scythe.png/revision/latest?cb=20131001073234&format=original,39,-,6,0%,25,NO
Seedler,https://static.wikia.nocookie.net/terraria_gamepedia/images/a/a0/Seedler.png/revision/latest?cb=20200516221550&format=original,50,Melee,6,4%,23,YES
Sergeant United Shield,https://static.wikia.nocookie.net/terraria_gamepedia/images/6/67/Sergeant_United_Shield.png/revision/latest?cb=20200516221554&format=original,92,Melee,2,4%,36,YES
Shadewood Bow,https://static.wikia.nocookie.net/terraria_gamepedia/images/f/ff/Shadewood_Bow.png/revision/latest?cb=20200516221602&format=original,8,Ranged,0,4%,28,NO
Shadewood Hammer,https://static.wikia.nocookie.net/terraria_gamepedia/images/e/eb/Shadewood_Hammer.png/revision/latest?cb=20221121012146&format=original,7,Melee,5.5,4%,30,NO
Shadewood Sword,https://static.wikia.nocookie.net/terraria_gamepedia/images/0/00/Shadewood_Sword.png/revision/latest?cb=20200516221630&format=original,45,Melee,6,4%,19,NO
Shadow Jousting Lance,https://static.wikia.nocookie.net/terraria_gamepedia/images/4/43/Shadow_Jousting_Lance.png/revision/latest?cb=20200516221644&format=original,130,Melee,14,4%,24,YES
Shadowbeam Staff,https://static.wikia.nocookie.net/terraria_gamepedia/images/b/b6/Shadowbeam_Staff.png/revision/latest?cb=20200521004020&format=original,80,Magic,3.25,4%,15,YES
Shadowflame Bow,https://static.wikia.nocookie.net/terraria_gamepedia/images/3/3c/Shadowflame_Bow.png/revision/latest?cb=20200516221654&format=original,47,Ranged,4.5,7%,20,YES
Shadowflame Hex Doll,https://static.wikia.nocookie.net/terraria_gamepedia/images/3/30/Shadowflame_Hex_Doll.png/revision/latest?cb=20200516221656&format=original,66,Magic,3.75,7%,21,YES
Shadowflame Knife,https://static.wikia.nocookie.net/terraria_gamepedia/images/d/d2/Shadowflame_Knife.png/revision/latest?cb=20200516221657&format=original,38,Melee,5.75,7%,12,YES
Sharanga,https://static.wikia.nocookie.net/terraria_gamepedia/images/9/91/Sharanga.png/revision/latest?cb=20161201092514&format=original,36,Ranged,2,4%,,NO
Shotgun,https://static.wikia.nocookie.net/terraria_gamepedia/images/6/61/Shotgun.png/revision/latest?cb=20200516221734&format=original,24,Ranged,6.5,4%,45,YES
Shroomerang,https://static.wikia.nocookie.net/terraria_gamepedia/images/2/27/Shroomerang.png/revision/latest?cb=20200516221738&format=original,23,Melee,7,4%,20,NO
Shroomite Digging Claw,https://static.wikia.nocookie.net/terraria_gamepedia/images/f/fc/Shroomite_Digging_Claw.png/revision/latest?cb=20200516221742&format=original,45,Melee,6,4%,12,YES
Shuriken,https://static.wikia.nocookie.net/terraria_gamepedia/images/a/ac/Shuriken.png/revision/latest?cb=20200516221751&format=original,10,Ranged,0,4%,15,NO
Sickle,https://static.wikia.nocookie.net/terraria_gamepedia/images/0/02/Sickle.png/revision/latest?cb=20200516221752&format=original,9,Melee,2.25,4%,24,NO
Silver Axe,https://static.wikia.nocookie.net/terraria_gamepedia/images/8/83/Silver_Axe.png/revision/latest?cb=20221122020601&format=original,6,Melee,4.5,4%,26,NO
Silver Bow,https://static.wikia.nocookie.net/terraria_gamepedia/images/e/e8/Silver_Bow.png/revision/latest?cb=20200516221817&format=original,9,Ranged,0,4%,27,NO
Silver Broadsword,https://static.wikia.nocookie.net/terraria_gamepedia/images/c/cb/Silver_Broadsword.png/revision/latest?cb=20221122020718&format=original,14,Melee,6,4%,20,NO
Silver Hammer,https://static.wikia.nocookie.net/terraria_gamepedia/images/b/b9/Silver_Hammer.png/revision/latest?cb=20221121012819&format=original,9,Melee,5.5,4%,29,NO
Silver Pickaxe,https://static.wikia.nocookie.net/terraria_gamepedia/images/9/94/Silver_Pickaxe.png/revision/latest?cb=20200516221836&format=original,6,Melee,2,4%,19,NO
Silver Shortsword,https://static.wikia.nocookie.net/terraria_gamepedia/images/6/61/Silver_Shortsword.png/revision/latest?cb=20200516221837&format=original,9,Melee,4,4%,12,NO
Sky Dragon's Fury,https://static.wikia.nocookie.net/terraria_gamepedia/images/8/80/Sky_Dragon%27s_Fury.png/revision/latest?cb=20200516221920&format=original,140,Melee,5,4%,30,YES
Sky Fracture,https://static.wikia.nocookie.net/terraria_gamepedia/images/5/54/Sky_Fracture.png/revision/latest?cb=20200516221924&format=original,38,Magic,6,24%,12,YES
Slap Hand,https://static.wikia.nocookie.net/terraria_gamepedia/images/4/46/Slap_Hand.png/revision/latest?cb=20200516221950&format=original,55,Melee,20,19%,20,YES
Sleepy Octopod,https://static.wikia.nocookie.net/terraria_gamepedia/images/8/86/Sleepy_Octopod.png/revision/latest?cb=20200516221952&format=original,50,Melee,7,4%,30,YES
Slime Staff,https://static.wikia.nocookie.net/terraria_gamepedia/images/f/f1/Slime_Staff.png/revision/latest?cb=20200516222018&format=original,8,Summon,2,0%,28,NO
Snapthorn,https://static.wikia.nocookie.net/terraria_gamepedia/images/a/a0/Snapthorn.png/revision/latest?cb=20200516222048&format=original,18,Summon,1.5,0%,30,NO
Sniper Rifle,https://static.wikia.nocookie.net/terraria_gamepedia/images/c/cf/Sniper_Rifle.png/revision/latest?cb=20211107012501&format=original,185,Ranged,8,29%,36,YES
Snowball,https://static.wikia.nocookie.net/terraria_gamepedia/images/0/04/Snowball.png/revision/latest?cb=20201123183013&format=original,45,Ranged,5.75,4%,19,NO
Snowball Cannon,https://static.wikia.nocookie.net/terraria_gamepedia/images/c/cd/Snowball_Cannon.png/revision/latest?cb=20200516222107&format=original,45,Ranged,1,4%,19,NO
Snowball Launcher,https://static.wikia.nocookie.net/terraria_gamepedia/images/d/dd/Snowball_Launcher.png/revision/latest?cb=20200516222109&format=original,-1,-,0,0%,15,NO
Snowman Cannon,https://static.wikia.nocookie.net/terraria_gamepedia/images/3/35/Snowman_Cannon.png/revision/latest?cb=20200516222115&format=original,67,Ranged,4,4%,15,YES
Solar Eruption,https://static.wikia.nocookie.net/terraria_gamepedia/images/1/10/Solar_Eruption.png/revision/latest?cb=20200516222124&format=original,105,Melee,2,4%,20,YES
Solar Flare Axe,https://static.wikia.nocookie.net/terraria_gamepedia/images/5/59/Solar_Flare_Axe.png/revision/latest?cb=20200516222126&format=original,100,Melee,6,4%,25,YES
Solar Flare Chainsaw,https://static.wikia.nocookie.net/terraria_gamepedia/images/2/2c/Solar_Flare_Chainsaw.png/revision/latest?cb=20200516222130&format=original,80,Melee,4,4%,15,YES
Solar Flare Drill,https://static.wikia.nocookie.net/terraria_gamepedia/images/a/ad/Solar_Flare_Drill.png/revision/latest?cb=20200516222131&format=original,50,Melee,0.5,4%,15,YES
Solar Flare Hamaxe,https://static.wikia.nocookie.net/terraria_gamepedia/images/e/e5/Solar_Flare_Hamaxe.png/revision/latest?cb=20200516222134&format=original,60,Melee,7,4%,28,YES
Solar Flare Hammer,https://static.wikia.nocookie.net/terraria_gamepedia/images/3/34/Solar_Flare_Hammer.png/revision/latest?cb=20200516222135&format=original,110,Melee,7,4%,30,YES
Solar Flare Pickaxe,https://static.wikia.nocookie.net/terraria_gamepedia/images/5/59/Solar_Flare_Pickaxe.png/revision/latest?cb=20200516222137&format=original,80,Melee,5.5,4%,12,YES
Soul Scythe,https://static.wikia.nocookie.net/terraria_gamepedia/images/4/44/Soul_Scythe.png/revision/latest?cb=20131001073235&format=original,55,-,8.75,0%,36,NO
Space Gun,https://static.wikia.nocookie.net/terraria_gamepedia/images/a/a8/Space_Gun.png/revision/latest?cb=20200516222211&format=original,17,Magic,0.75,4%,17,NO
Spear,https://static.wikia.nocookie.net/terraria_gamepedia/images/4/4f/Spear.png/revision/latest?cb=20200516222222&format=original,8,Melee,6.5,4%,31,NO
Spectre Hamaxe,https://static.wikia.nocookie.net/terraria_gamepedia/images/7/7e/Spectre_Hamaxe.png/revision/latest?cb=20200521004026&format=original,60,Melee,7,4%,28,YES
Spectre Pickaxe,https://static.wikia.nocookie.net/terraria_gamepedia/images/b/b1/Spectre_Pickaxe.png/revision/latest?cb=20221121031709&format=original,32,Melee,5.25,4%,24,YES
Spectre Staff,https://static.wikia.nocookie.net/terraria_gamepedia/images/e/e8/Spectre_Staff.png/revision/latest?cb=20200521004119&format=original,65,Magic,6,4%,24,YES
Spider Staff,https://static.wikia.nocookie.net/terraria_gamepedia/images/6/65/Spider_Staff.png/revision/latest?cb=20200516222321&format=original,26,Summon,3,0%,36,YES
Spiky Ball,https://static.wikia.nocookie.net/terraria_gamepedia/images/d/d9/Spiky_Ball.png/revision/latest?cb=20200516222334&format=original,16,Ranged,1,4%,15,NO
Spinal Tap,https://static.wikia.nocookie.net/terraria_gamepedia/images/4/4d/Spinal_Tap.png/revision/latest?cb=20201013181953&format=original,27,Summon,2,0%,30,NO
Spirit Flame,https://static.wikia.nocookie.net/terraria_gamepedia/images/e/ea/Spirit_Flame.png/revision/latest?cb=20200516222336&format=original,85,Magic,5,4%,22,YES
Staff of Earth,https://static.wikia.nocookie.net/terraria_gamepedia/images/9/92/Staff_of_Earth.png/revision/latest?cb=20200516222426&format=original,125,Magic,7.5,24%,24,YES
Staff of Regrowth,https://static.wikia.nocookie.net/terraria_gamepedia/images/1/18/Staff_of_Regrowth.png/revision/latest?cb=20200516222428&format=original,7,Melee,3,4%,25,NO
Staff of the Frost Hydra,https://static.wikia.nocookie.net/terraria_gamepedia/images/2/20/Staff_of_the_Frost_Hydra.png/revision/latest?cb=20200516222430&format=original,100,Summon,7.5,0%,30,YES
Stake Launcher,https://static.wikia.nocookie.net/terraria_gamepedia/images/0/04/Stake_Launcher.png/revision/latest?cb=20200516222432&format=original,75,Ranged,6.5,14%,12,YES
Star Anise,https://static.wikia.nocookie.net/terraria_gamepedia/images/9/90/Star_Anise.png/revision/latest?cb=20200516222438&format=original,14,Ranged,0,4%,15,NO
Star Cannon,https://static.wikia.nocookie.net/terraria_gamepedia/images/7/70/Star_Cannon.png/revision/latest?cb=20200516222439&format=original,55,Ranged,3,4%,12,NO
Star Wrath,https://static.wikia.nocookie.net/terraria_gamepedia/images/8/83/Star_Wrath.png/revision/latest?cb=20200516222455&format=original,170,Melee,6.5,4%,16,YES
Stardust Axe,https://static.wikia.nocookie.net/terraria_gamepedia/images/f/fd/Stardust_Axe.png/revision/latest?cb=20200516222458&format=original,100,Melee,6,4%,25,YES
Stardust Cell Staff,https://static.wikia.nocookie.net/terraria_gamepedia/images/2/2f/Stardust_Cell_Staff.png/revision/latest?cb=20200516222459&format=original,60,Summon,2,0%,36,YES
Stardust Chainsaw,https://static.wikia.nocookie.net/terraria_gamepedia/images/4/45/Stardust_Chainsaw.png/revision/latest?cb=20200516222500&format=original,80,Melee,4,4%,15,YES
Stardust Dragon Staff,https://static.wikia.nocookie.net/terraria_gamepedia/images/a/a9/Stardust_Dragon_Staff.png/revision/latest?cb=20200516222502&format=original,40,Summon,2,0%,36,YES
Stardust Drill,https://static.wikia.nocookie.net/terraria_gamepedia/images/5/55/Stardust_Drill.png/revision/latest?cb=20200516222503&format=original,50,Melee,0.5,4%,15,YES
Stardust Hamaxe,https://static.wikia.nocookie.net/terraria_gamepedia/images/f/f9/Stardust_Hamaxe.png/revision/latest?cb=20200516222507&format=original,60,Melee,7,4%,28,YES
Stardust Hammer,https://static.wikia.nocookie.net/terraria_gamepedia/images/1/11/Stardust_Hammer.png/revision/latest?cb=20200516222508&format=original,110,Melee,7,4%,30,YES
Stardust Pickaxe,https://static.wikia.nocookie.net/terraria_gamepedia/images/c/ca/Stardust_Pickaxe.png/revision/latest?cb=20200516222513&format=original,80,Melee,5.5,4%,12,YES
Starfury,https://static.wikia.nocookie.net/terraria_gamepedia/images/2/2d/Starfury.png/revision/latest?cb=20221121015812&format=original,25,Melee,5,4%,20,NO
Starlight,https://static.wikia.nocookie.net/terraria_gamepedia/images/1/15/Starlight.png/revision/latest?cb=20200516222520&format=original,80,Melee,4,14%,18,YES
Stellar Tune,https://static.wikia.nocookie.net/terraria_gamepedia/images/5/53/Stellar_Tune.png/revision/latest?cb=20200516222558&format=original,85,Magic,1.5,24%,12,YES
Sticky Bomb,https://static.wikia.nocookie.net/terraria_gamepedia/images/7/74/Sticky_Bomb.png/revision/latest?cb=20200516222600&format=original,100,-,0,0%,25,NO
Sticky Dirt Bomb,https://static.wikia.nocookie.net/terraria_gamepedia/images/7/7c/Sticky_Dirt_Bomb.png/revision/latest?cb=20200516222601&format=original,100,-,0,0%,25,NO
Sticky Dynamite,https://static.wikia.nocookie.net/terraria_gamepedia/images/7/7d/Sticky_Dynamite.png/revision/latest?cb=20200516222602&format=original,250,-,0,0%,40,NO
Sticky Grenade,https://static.wikia.nocookie.net/terraria_gamepedia/images/9/9d/Sticky_Grenade.png/revision/latest?cb=20200516222604&format=original,60,Ranged/ Throwing,8,4%,45,NO
Storm Spear,https://static.wikia.nocookie.net/terraria_gamepedia/images/2/2a/Storm_Spear.png/revision/latest?cb=20200516222625&format=original,14,Melee,6,4%,28,NO
Stylish Scissors,https://static.wikia.nocookie.net/terraria_gamepedia/images/9/90/Stylish_Scissors.png/revision/latest?cb=20200516222632&format=original,14,Melee,5,4%,12,NO
Stynger,https://static.wikia.nocookie.net/terraria_gamepedia/images/8/8f/Stynger.png/revision/latest?cb=20200516222635&format=original,45,Ranged,5,4%,22,YES
Sunfury,https://static.wikia.nocookie.net/terraria_gamepedia/images/a/a9/Sunfury.png/revision/latest?cb=20200521003921&format=original,64,Melee,6.75,11%,45,NO
Super Star Shooter,https://static.wikia.nocookie.net/terraria_gamepedia/images/d/d3/Super_Star_Shooter.png/revision/latest?cb=20200516222703&format=original,60,Ranged,5,4%,18,YES
Swordfish,https://static.wikia.nocookie.net/terraria_gamepedia/images/f/f7/Swordfish.png/revision/latest?cb=20200516222719&format=original,19,Melee,4.25,4%,20,NO
Tactical Shotgun,https://static.wikia.nocookie.net/terraria_gamepedia/images/d/d0/Tactical_Shotgun.png/revision/latest?cb=20200516222726&format=original,29,Ranged,7,4%,34,YES
Tempest Staff,https://static.wikia.nocookie.net/terraria_gamepedia/images/e/e0/Tempest_Staff.png/revision/latest?cb=20200516222759&format=original,50,Summon,2,0%,36,YES
Tendon Bow,https://static.wikia.nocookie.net/terraria_gamepedia/images/8/84/Tendon_Bow.png/revision/latest?cb=20200516222802&format=original,19,Ranged,1,4%,30,NO
Tentacle Spike,https://static.wikia.nocookie.net/terraria_gamepedia/images/a/ab/Tentacle_Spike.png/revision/latest?cb=20211118183611&format=original,19,Melee,5.5,4%,23,NO
Terra Blade,https://static.wikia.nocookie.net/terraria_gamepedia/images/4/4d/Terra_Blade.png/revision/latest?cb=20200516222805&format=original,85,Melee,6.5,4%,18,YES
Terragrim,https://static.wikia.nocookie.net/terraria_gamepedia/images/0/0a/Terragrim.png/revision/latest?cb=20200516222810&format=original,17,Melee,3,4%,25,NO
Terraprisma,https://static.wikia.nocookie.net/terraria_gamepedia/images/b/b0/Terraprisma.png/revision/latest?cb=20200516222812&format=original,90,Summon,4,0%,36,YES
Terrarian,https://static.wikia.nocookie.net/terraria_gamepedia/images/a/a6/Terrarian.png/revision/latest?cb=20200516222815&format=original,190,Melee,6.5,14%,25,YES
The Axe,https://static.wikia.nocookie.net/terraria_gamepedia/images/8/8e/The_Axe.png/revision/latest?cb=20200516222819&format=original,72,Melee,7.25,4%,23,YES
The Bee's Knees,https://static.wikia.nocookie.net/terraria_gamepedia/images/2/21/The_Bee%27s_Knees.png/revision/latest?cb=20200516222820&format=original,23,Ranged,3,4%,23,NO
The Breaker,https://static.wikia.nocookie.net/terraria_gamepedia/images/4/4b/The_Breaker.png/revision/latest?cb=20221121013316&format=original,24,Melee,6,4%,45,NO
The Eye of Cthulhu,https://static.wikia.nocookie.net/terraria_gamepedia/images/c/c4/The_Eye_of_Cthulhu.png/revision/latest?cb=20200521003924&format=original,115,Melee,3.5,4%,25,YES
The Horseman's Blade,https://static.wikia.nocookie.net/terraria_gamepedia/images/9/93/The_Horseman%27s_Blade.png/revision/latest?cb=20200516222845&format=original,15,Melee,7.5,4%,26,YES
The Meatball,https://static.wikia.nocookie.net/terraria_gamepedia/images/8/86/The_Meatball.png/revision/latest?cb=20200516222848&format=original,34,Melee,5.5,4%,45,NO
The Rotted Fork,https://static.wikia.nocookie.net/terraria_gamepedia/images/d/d7/The_Rotted_Fork.png/revision/latest?cb=20200516222854&format=original,17,Melee,5,4%,31,NO
The Undertaker,https://static.wikia.nocookie.net/terraria_gamepedia/images/8/83/The_Undertaker.png/revision/latest?cb=20200807041942&format=original,19,Ranged,2,4%,20,NO
Thorn Chakram,https://static.wikia.nocookie.net/terraria_gamepedia/images/e/e8/Thorn_Chakram.png/revision/latest?cb=20200516222904&format=original,25,Melee,8,4%,15,NO
Throwing Knife,https://static.wikia.nocookie.net/terraria_gamepedia/images/d/d1/Throwing_Knife.png/revision/latest?cb=20200516222909&format=original,12,Ranged,2,4%,15,NO
Thunder Zapper,https://static.wikia.nocookie.net/terraria_gamepedia/images/1/14/Thunder_Zapper.png/revision/latest?cb=20200516222911&format=original,20,Magic,3,4%,17,NO
Tin Axe,https://static.wikia.nocookie.net/terraria_gamepedia/images/7/7a/Tin_Axe.png/revision/latest?cb=20221122020210&format=original,4,Melee,4.5,4%,28,NO
Tin Bow,https://static.wikia.nocookie.net/terraria_gamepedia/images/5/5d/Tin_Bow.png/revision/latest?cb=20200516222925&format=original,7,Ranged,0,4%,28,NO
Tin Broadsword,https://static.wikia.nocookie.net/terraria_gamepedia/images/6/6d/Tin_Broadsword.png/revision/latest?cb=20221122020303&format=original,45,Melee,5.5,4%,20,NO
Tin Hammer,https://static.wikia.nocookie.net/terraria_gamepedia/images/f/fc/Tin_Hammer.png/revision/latest?cb=20221121011418&format=original,6,Melee,5.5,4%,31,NO
Tin Pickaxe,https://static.wikia.nocookie.net/terraria_gamepedia/images/3/39/Tin_Pickaxe.png/revision/latest?cb=20200516222938&format=original,5,Melee,2,4%,21,NO
Tin Shortsword,https://static.wikia.nocookie.net/terraria_gamepedia/images/8/85/Tin_Shortsword.png/revision/latest?cb=20200516222942&format=original,7,Melee,4,4%,12,NO
Titanium Chainsaw,https://static.wikia.nocookie.net/terraria_gamepedia/images/c/cc/Titanium_Chainsaw.png/revision/latest?cb=20200516222951&format=original,34,Melee,4.6,4%,15,YES
Titanium Drill,https://static.wikia.nocookie.net/terraria_gamepedia/images/3/35/Titanium_Drill.png/revision/latest?cb=20200516222953&format=original,27,Melee,0.5,4%,15,YES
Titanium Pickaxe,https://static.wikia.nocookie.net/terraria_gamepedia/images/5/59/Titanium_Pickaxe.png/revision/latest?cb=20221121022520&format=original,27,Melee,5,4%,25,YES
Titanium Repeater,https://static.wikia.nocookie.net/terraria_gamepedia/images/5/5a/Titanium_Repeater.png/revision/latest?cb=20200516223004&format=original,43,Ranged,2.5,4%,17,YES
Titanium Sword,https://static.wikia.nocookie.net/terraria_gamepedia/images/d/d3/Titanium_Sword.png/revision/latest?cb=20221121022238&format=original,61,Melee,6,4%,20,YES
Titanium Trident,https://static.wikia.nocookie.net/terraria_gamepedia/images/6/6b/Titanium_Trident.png/revision/latest?cb=20200516223008&format=original,48,Melee,6.2,4%,23,YES
Titanium Waraxe,https://static.wikia.nocookie.net/terraria_gamepedia/images/c/c6/Titanium_Waraxe.png/revision/latest?cb=20200516223011&format=original,44,Melee,7.5,4%,35,YES
Tizona,https://static.wikia.nocookie.net/terraria_gamepedia/images/2/25/Tizona.png/revision/latest?cb=20160624135548&format=original,55,Melee,5,4%,25,YES
Tome of Infinite Wisdom,https://static.wikia.nocookie.net/terraria_gamepedia/images/9/9f/Tome_of_Infinite_Wisdom.png/revision/latest?cb=20200516223022&format=original,36,Magic,9,4%,25,YES
Tonbogiri,https://static.wikia.nocookie.net/terraria_gamepedia/images/5/58/Tonbogiri.png/revision/latest?cb=20140904212416&format=original,50,Melee,6.5,4%,15,YES
Topaz Staff,https://static.wikia.nocookie.net/terraria_gamepedia/images/9/9c/Topaz_Staff.png/revision/latest?cb=20200516223039&format=original,16,Magic,3.5,4%,36,NO
Toxic Flask,https://static.wikia.nocookie.net/terraria_gamepedia/images/8/87/Toxic_Flask.png/revision/latest?cb=20200516223046&format=original,52,Magic,4,4%,45,YES
Toxikarp,https://static.wikia.nocookie.net/terraria_gamepedia/images/c/c9/Toxikarp.png/revision/latest?cb=20200516223050&format=original,43,Ranged,3,4%,10,YES
Tragic Umbrella,https://static.wikia.nocookie.net/terraria_gamepedia/images/c/cc/Tragic_Umbrella.png/revision/latest?cb=20200516223054&format=original,15,Melee,5,4%,22,NO
Trident,https://static.wikia.nocookie.net/terraria_gamepedia/images/9/9a/Trident.png/revision/latest?cb=20200516223121&format=original,14,Melee,6,4%,31,NO
Trimarang,https://static.wikia.nocookie.net/terraria_gamepedia/images/e/e0/Trimarang.png/revision/latest?cb=20220930220537&format=original,21,Melee,4.5,4%,20,NO
True Excalibur,https://static.wikia.nocookie.net/terraria_gamepedia/images/5/51/True_Excalibur.png/revision/latest?cb=20200516223129&format=original,72,Melee,4.5,4%,18,YES
True Night's Edge,https://static.wikia.nocookie.net/terraria_gamepedia/images/2/28/True_Night%27s_Edge.png/revision/latest?cb=20200521003925&format=original,70,Melee,4.75,4%,32,YES
Tsunami,https://static.wikia.nocookie.net/terraria_gamepedia/images/c/c4/Tsunami.png/revision/latest?cb=20200516223136&format=original,53,Ranged,2,4%,24,YES
Tungsten Axe,https://static.wikia.nocookie.net/terraria_gamepedia/images/3/37/Tungsten_Axe.png/revision/latest?cb=20221122015810&format=original,7,Melee,4.5,4%,26,NO
Tungsten Bow,https://static.wikia.nocookie.net/terraria_gamepedia/images/1/1c/Tungsten_Bow.png/revision/latest?cb=20200516223144&format=original,10,Ranged,0,4%,26,NO
Tungsten Broadsword,https://static.wikia.nocookie.net/terraria_gamepedia/images/5/57/Tungsten_Broadsword.png/revision/latest?cb=20221122015926&format=original,14,Melee,6,4%,19,NO
Tungsten Hammer,"data:image/gif;base64,R0lGODlhAQABAIABAAAAAP///yH5BAEAAAEALAAAAAABAAEAQAICTAEAOw%3D%3D",9,Melee,5.5,4%,28,NO
Tungsten Pickaxe,"data:image/gif;base64,R0lGODlhAQABAIABAAAAAP///yH5BAEAAAEALAAAAAABAAEAQAICTAEAOw%3D%3D",6,Melee,2,4%,21,NO
Tungsten Shortsword,"data:image/gif;base64,R0lGODlhAQABAIABAAAAAP///yH5BAEAAAEALAAAAAABAAEAQAICTAEAOw%3D%3D",10,Melee,4,4%,11,NO
Umbrella,https://static.wikia.nocookie.net/terraria_gamepedia/images/0/06/Umbrella.png/revision/latest?cb=20200516223235&format=original,10,Melee,5,4%,22,NO
Unholy Trident,https://static.wikia.nocookie.net/terraria_gamepedia/images/a/ae/Unholy_Trident.png/revision/latest?cb=20200516223242&format=original,88,Magic,6.5,4%,17,YES
Unholy Water,https://static.wikia.nocookie.net/terraria_gamepedia/images/c/c9/Unholy_Water.png/revision/latest?cb=20200516223243&format=original,20,-,3,0%,15,NO
Uzi,https://static.wikia.nocookie.net/terraria_gamepedia/images/9/98/Uzi.png/revision/latest?cb=20200516223259&format=original,30,Ranged,3.5,4%,9,YES
Valkyrie Yoyo,https://static.wikia.nocookie.net/terraria_gamepedia/images/1/1c/Valkyrie_Yoyo.png/revision/latest?cb=20200521003927&format=original,70,Melee,4.5,4%,25,YES
Valor,"data:image/gif;base64,R0lGODlhAQABAIABAAAAAP///yH5BAEAAAEALAAAAAABAAEAQAICTAEAOw%3D%3D",28,Melee,3.85,4%,25,NO
Vampire Frog Staff,https://static.wikia.nocookie.net/terraria_gamepedia/images/3/37/Vampire_Frog_Staff.png/revision/latest?cb=20200516223310&format=original,11,Summon,5,0%,36,NO
Vampire Knives,https://static.wikia.nocookie.net/terraria_gamepedia/images/7/7f/Vampire_Knives.png/revision/latest?cb=20200521003929&format=original,29,Melee,2.75,4%,16,YES
Venom Staff,https://static.wikia.nocookie.net/terraria_gamepedia/images/f/fa/Venom_Staff.png/revision/latest?cb=20200516223318&format=original,44,Magic,7,4%,30,YES
Venus Magnum,https://static.wikia.nocookie.net/terraria_gamepedia/images/d/de/Venus_Magnum.png/revision/latest?cb=20200516223318&format=original,50,Ranged,5.5,4%,9,YES
Vilethorn,https://static.wikia.nocookie.net/terraria_gamepedia/images/5/5c/Vilethorn.png/revision/latest?cb=20200516223336&format=original,10,Magic,1,4%,28,NO
Volcano,https://static.wikia.nocookie.net/terraria_gamepedia/images/c/cf/Volcano.png/revision/latest?cb=20220929110429&format=original,40,Melee,6.5,4%,40,NO
Vortex Axe,https://static.wikia.nocookie.net/terraria_gamepedia/images/d/df/Vortex_Axe.png/revision/latest?cb=20200516223358&format=original,100,Melee,6,4%,25,YES
Vortex Beater,https://static.wikia.nocookie.net/terraria_gamepedia/images/b/b6/Vortex_Beater.png/revision/latest?cb=20200516223359&format=original,50,Ranged,2,4%,20,YES
Vortex Chainsaw,https://static.wikia.nocookie.net/terraria_gamepedia/images/3/32/Vortex_Chainsaw.png/revision/latest?cb=20200516223404&format=original,80,Melee,4,4%,15,YES
Vortex Drill,https://static.wikia.nocookie.net/terraria_gamepedia/images/2/20/Vortex_Drill.png/revision/latest?cb=20200516223405&format=original,50,Melee,0.5,4%,15,YES
Vortex Hamaxe,https://static.wikia.nocookie.net/terraria_gamepedia/images/3/3b/Vortex_Hamaxe.png/revision/latest?cb=20200516223411&format=original,60,Melee,7,4%,28,YES
Vortex Hammer,https://static.wikia.nocookie.net/terraria_gamepedia/images/7/75/Vortex_Hammer.png/revision/latest?cb=20200516223413&format=original,110,Melee,7,4%,30,YES
Vortex Pickaxe,https://static.wikia.nocookie.net/terraria_gamepedia/images/f/fc/Vortex_Pickaxe.png/revision/latest?cb=20200516223419&format=original,80,Melee,5.5,4%,12,YES
Vulcan Repeater,https://static.wikia.nocookie.net/terraria_gamepedia/images/4/41/Vulcan_Repeater.png/revision/latest?cb=20130404143416&format=original,56,Ranged,2.5,4%,17,YES
Waffle's Iron,https://static.wikia.nocookie.net/terraria_gamepedia/images/b/b0/Waffle%27s_Iron.png/revision/latest?cb=20221002175116&format=original,50,Melee,4.75,4%,23,NO
Wand of Frosting,https://static.wikia.nocookie.net/terraria_gamepedia/images/f/f0/Wand_of_Frosting.png/revision/latest?cb=20221011234529&format=original,15,Magic,0,14%,26,NO
Wand of Sparking,https://static.wikia.nocookie.net/terraria_gamepedia/images/9/91/Wand_of_Sparking.png/revision/latest?cb=20200730145135&format=original,14,Magic,0,14%,26,NO
War Axe of the Night,https://static.wikia.nocookie.net/terraria_gamepedia/images/5/54/War_Axe_of_the_Night.png/revision/latest?cb=20221121015659&format=original,20,Melee,6,4%,30,NO
Wasp Gun,https://static.wikia.nocookie.net/terraria_gamepedia/images/b/be/Wasp_Gun.png/revision/latest?cb=20200516223445&format=original,31,Magic,0.25,4%,18,YES
Water Bolt,https://static.wikia.nocookie.net/terraria_gamepedia/images/5/53/Water_Bolt.png/revision/latest?cb=20200903160503&format=original,19,Magic,5,4%,17,NO
Weather Pain,https://static.wikia.nocookie.net/terraria_gamepedia/images/5/5d/Weather_Pain.png/revision/latest?cb=20211118183619&format=original,13,Magic,1,4%,45,NO
Wet Bomb,https://static.wikia.nocookie.net/terraria_gamepedia/images/c/cd/Wet_Bomb.png/revision/latest?cb=20200516223517&format=original,100,-,0,0%,25,NO
White Paper Airplane,https://static.wikia.nocookie.net/terraria_gamepedia/images/a/ae/White_Paper_Airplane.png/revision/latest?cb=20200730141803&format=original,4,Ranged,2,4%,17,NO
White Phaseblade,https://static.wikia.nocookie.net/terraria_gamepedia/images/8/86/White_Phaseblade.png/revision/latest?cb=20200516223536&format=original,26,Melee,3,4%,18,NO
White Phasesaber,https://static.wikia.nocookie.net/terraria_gamepedia/images/6/6d/White_Phasesaber.png/revision/latest?cb=20221122021222&format=original,48,Melee,3,4%,16,YES
Wooden Boomerang,https://static.wikia.nocookie.net/terraria_gamepedia/images/d/dc/Wooden_Boomerang.png/revision/latest?cb=20200516223637&format=original,39,Melee,5,4%,20,NO
Wooden Bow,https://static.wikia.nocookie.net/terraria_gamepedia/images/2/2e/Wooden_Bow.png/revision/latest?cb=20200516223638&format=original,4,Ranged,0,4%,30,NO
Wooden Hammer,https://static.wikia.nocookie.net/terraria_gamepedia/images/2/29/Wooden_Hammer.png/revision/latest?cb=20221121010450&format=original,2,Melee,5.5,4%,37,NO
Wooden Sword,https://static.wikia.nocookie.net/terraria_gamepedia/images/c/cd/Wooden_Sword.png/revision/latest?cb=20200516223647&format=original,45,Melee,5,4%,20,NO
Wooden Yoyo,https://static.wikia.nocookie.net/terraria_gamepedia/images/e/ea/Wooden_Yoyo.png/revision/latest?cb=20200521003930&format=original,9,Melee,2.5,4%,25,NO
Xeno Staff,https://static.wikia.nocookie.net/terraria_gamepedia/images/4/47/Xeno_Staff.png/revision/latest?cb=20200516223729&format=original,36,Summon,2,0%,36,YES
Xenopopper,https://static.wikia.nocookie.net/terraria_gamepedia/images/1/1b/Xenopopper.png/revision/latest?cb=20200516223731&format=original,45,Ranged,3,4%,21,YES
Yelets,https://static.wikia.nocookie.net/terraria_gamepedia/images/c/c2/Yelets.png/revision/latest?cb=20200521003931&format=original,60,Melee,3.1,4%,25,YES
Yellow Phaseblade,https://static.wikia.nocookie.net/terraria_gamepedia/images/7/7d/Yellow_Phaseblade.png/revision/latest?cb=20200516223753&format=original,26,Melee,3,4%,18,NO
Yellow Phasesaber,https://static.wikia.nocookie.net/terraria_gamepedia/images/0/02/Yellow_Phasesaber.png/revision/latest?cb=20221122021251&format=original,48,Melee,3,4%,16,YES
Zapinator,https://static.wikia.nocookie.net/terraria_gamepedia/images/d/df/Zapinator.png/revision/latest?cb=20110826153950&format=original,50,Magic,3,4%,7,YES
Zenith,https://static.wikia.nocookie.net/terraria_gamepedia/images/6/66/Zenith.png/revision/latest?cb=20200516223829&format=original,190,Melee,6.5,14%,30,YES
Zombie Arm,https://static.wikia.nocookie.net/terraria_gamepedia/images/a/a9/Zombie_Arm.png/revision/latest?cb=20221121031211&format=original,15,Melee,5.5,4%,22,NO
